&quot;1&quot;;&quot;Tom&quot;;&quot;Jones&quot;;&quot;name@email.com&quot;;&quot;burtonlindsay70@yahoo.com&quot;
&quot;2&quot;;&quot;Janet&quot;;&quot;Adams&quot;;&quot;jadams@email.com&quot;;&quot;burtonlindsay70@yahoo.com&quot;
&quot;3&quot;;&quot;Bill&quot;;&quot;Thomas&quot;;&quot;bthomas@yahoo.com&quot;;&quot;burtonlindsay70@yahoo.com&quot;
&quot;5&quot;;&quot;Sally&quot;;&quot;Smith&quot;;&quot;tjones@email.com&quot;;&quot;burtonlindsay70@yahoo.com&quot;
&quot;9&quot;;;&quot;Marco&quot;;&quot;Polo&quot;;&quot;burtonlindsay70@yahoo.com&quot;
&quot;8&quot;;&quot;Jerry&quot;;&quot;White&quot;;&quot;name@gmail.com&quot;;&quot;burtonlindsay70@yahoo.com&quot;
&quot;10&quot;;&quot;Bob&quot;;&quot;Charmichael&quot;;&quot;bob@hotmail.com&quot;;&quot;burtonlindsay70@yahoo.com&quot;
&quot;11&quot;;&quot;Larry&quot;;&quot;Boy&quot;;&quot;lboy@myemail.com&quot;;&quot;burtonlindsay70@yahoo.com&quot;
&quot;12&quot;;;&quot;Barbara&quot;;&quot;Davids&quot;;&quot;burtonlindsay70@yahoo.com&quot;
&quot;13&quot;;;&quot;a&quot;;&quot;blah&quot;;&quot;burtonlindsay70@yahoo.com&quot;
&quot;14&quot;;&quot;Bob&quot;;&quot;Bechdel&quot;;&quot;bbechdel@yahoo.com&quot;;&quot;burtonlindsay70@yahoo.com&quot;
&quot;15&quot;;&quot;Bob&quot;;&quot;Belcher&quot;;&quot;bbelcher@yahoo.com&quot;;&quot;burtonlindsay70@yahoo.com&quot;
&quot;16&quot;;&quot;Bob&quot;;&quot;Burger&quot;;&quot;bburger@gmail.com&quot;;&quot;burtonlindsay70@yahoo.com&quot;
&quot;17&quot;;&quot;Bob&quot;;&quot;Burger&quot;;&quot;bburger@hotmail.com&quot;;&quot;burtonlindsay70@yahoo.com&quot;
&quot;18&quot;;&quot;Bob&quot;;&quot;Burger&quot;;&quot;bburger@hotmail.com&quot;;&quot;burtonlindsay70@yahoo.com&quot;
&quot;19&quot;;&quot;Bob&quot;;&quot;Burger&quot;;&quot;bburger@hotmail.com&quot;;&quot;burtonlindsay70@yahoo.com&quot;
&quot;20&quot;;&quot;Bob&quot;;&quot;Burger&quot;;&quot;bburger@hotmail.com&quot;;&quot;burtonlindsay70@yahoo.com&quot;
&quot;21&quot;;&quot;Bob&quot;;&quot;Burger&quot;;&quot;bburger@hotmail.com&quot;;&quot;burtonlindsay70@yahoo.com&quot;
&quot;22&quot;;&quot;Bob&quot;;&quot;Burger&quot;;&quot;bburger@hotmail.com&quot;;&quot;burtonlindsay70@yahoo.com&quot;
&quot;23&quot;;&quot;Bob&quot;;&quot;Burger&quot;;&quot;bburger@hotmail.com&quot;;&quot;burtonlindsay70@yahoo.com&quot;
&quot;24&quot;;&quot;Bob&quot;;&quot;Burger&quot;;&quot;bburger@hotmail.com&quot;;&quot;burtonlindsay70@yahoo.com&quot;
&quot;25&quot;;&quot;Kathy&quot;;&quot;Fugate&quot;;&quot;denver.johnson.phd@gmail.com&quot;;&quot;burtonlindsay70@yahoo.com&quot;
&quot;26&quot;;&quot;Bob&quot;;&quot;Belcher&quot;;&quot;bbelcher@gmail.com&quot;;&quot;burtonlindsay70@yahoo.com&quot;
&quot;27&quot;;&quot;Bob&quot;;&quot;Belcher&quot;;&quot;bbelcher@hotmail.com&quot;;&quot;burtonlindsay70@yahoo.com&quot;
&quot;28&quot;;&quot;Bob&quot;;&quot;Belcher&quot;;&quot;bbelcher@gmail.com&quot;;&quot;burtonlindsay70@yahoo.com&quot;
&quot;29&quot;;&quot;Bob&quot;;&quot;Belcher&quot;;&quot;bbelcher@hotmail.com&quot;;&quot;burtonlindsay70@yahoo.com&quot;
&quot;Tom&quot;;&quot;Jones&quot;;&quot;Lindsay&quot;;&quot;Burton&quot;;&quot;Donald&quot;;;&quot;spouse&quot;;&quot;veryClose&quot;;&quot;weak&quot;;&quot;weak&quot;;&quot;extremelyNegative&quot;;&quot;weeks&quot;;&quot;daily&quot;;;;;&quot;2016-02-04&quot;;&quot;2&quot;;&quot;56&quot;;;;;&quot;1&quot;
&quot;Tom&quot;;&quot;Jones&quot;;&quot;Lindsay&quot;;&quot;Burton&quot;;&quot;Goofy&quot;;;&quot;spouse&quot;;&quot;veryClose&quot;;&quot;weak&quot;;&quot;weak&quot;;&quot;extremelyNegative&quot;;&quot;weeks&quot;;&quot;daily&quot;;;;;&quot;2016-02-04&quot;;&quot;3&quot;;&quot;56&quot;;;;;&quot;2&quot;
&quot;Tom&quot;;&quot;Jones&quot;;&quot;Lindsay&quot;;&quot;Burton&quot;;&quot;Donald&quot;;;&quot;spouse&quot;;&quot;veryClose&quot;;&quot;weak&quot;;&quot;weak&quot;;&quot;extremelyNegative&quot;;&quot;weeks&quot;;&quot;daily&quot;;;;;&quot;2016-02-12&quot;;&quot;2&quot;;&quot;56&quot;;;;;&quot;3&quot;
&quot;Leslie&quot;;&quot;Jones&quot;;&quot;Lindsay&quot;;&quot;Burton&quot;;&quot;Mickey&quot;;;&quot;spouse&quot;;&quot;veryClose&quot;;&quot;weak&quot;;&quot;weak&quot;;&quot;extremelyNegative&quot;;&quot;weeks&quot;;&quot;daily&quot;;;;;&quot;2016-02-12&quot;;&quot;0&quot;;&quot;56&quot;;;;;&quot;4&quot;
&quot;Leslie&quot;;&quot;Jones&quot;;&quot;Lindsay&quot;;&quot;Burton&quot;;&quot;Minnie&quot;;;&quot;spouse&quot;;&quot;veryClose&quot;;&quot;weak&quot;;&quot;weak&quot;;&quot;extremelyNegative&quot;;&quot;weeks&quot;;&quot;daily&quot;;;;;&quot;2016-02-12&quot;;&quot;1&quot;;&quot;56&quot;;;;;&quot;5&quot;
&quot;Leslie&quot;;&quot;Jones&quot;;&quot;Lindsay&quot;;&quot;Burton&quot;;&quot;Donald&quot;;;&quot;spouse&quot;;&quot;veryClose&quot;;&quot;weak&quot;;&quot;weak&quot;;&quot;extremelyNegative&quot;;&quot;weeks&quot;;&quot;daily&quot;;;;;&quot;2016-02-12&quot;;&quot;2&quot;;&quot;56&quot;;;;;&quot;6&quot;
&quot;Leslie&quot;;&quot;Jones&quot;;&quot;Lindsay&quot;;&quot;Burton&quot;;;;&quot;spouse&quot;;&quot;veryClose&quot;;&quot;weak&quot;;&quot;weak&quot;;&quot;extremelyNegative&quot;;&quot;weeks&quot;;&quot;daily&quot;;;;;&quot;2016-02-21&quot;;&quot;3&quot;;&quot;56be61aeb2dd4&quot;;;;;&quot;7&quot;
&quot;Leslie&quot;;&quot;Jones&quot;;&quot;Lindsay&quot;;&quot;Burton&quot;;&quot;Mickey&quot;;;&quot;spouse&quot;;&quot;veryClose&quot;;&quot;weak&quot;;&quot;weak&quot;;&quot;extremelyNegative&quot;;&quot;weeks&quot;;&quot;daily&quot;;;;;&quot;2016-02-12&quot;;&quot;0&quot;;&quot;56be62457623b&quot;;;;;&quot;8&quot;
&quot;Leslie&quot;;&quot;Jones&quot;;&quot;Lindsay&quot;;&quot;Burton&quot;;&quot;Minnie&quot;;;&quot;spouse&quot;;&quot;veryClose&quot;;&quot;weak&quot;;&quot;weak&quot;;&quot;extremelyNegative&quot;;&quot;weeks&quot;;&quot;daily&quot;;;;;&quot;2016-02-12&quot;;&quot;1&quot;;&quot;56be62457623b&quot;;;;;&quot;9&quot;
&quot;Leslie&quot;;&quot;Jones&quot;;&quot;Lindsay&quot;;&quot;Burton&quot;;&quot;Donald&quot;;;&quot;spouse&quot;;&quot;veryClose&quot;;&quot;weak&quot;;&quot;weak&quot;;&quot;extremelyNegative&quot;;&quot;weeks&quot;;&quot;daily&quot;;;;;&quot;2016-02-12&quot;;&quot;2&quot;;&quot;56be62457623b&quot;;;;;&quot;10&quot;
&quot;Rebecca&quot;;&quot;Bunch&quot;;&quot;Lindsay&quot;;&quot;Burton&quot;;&quot;Mickey&quot;;;&quot;spouse&quot;;&quot;veryClose&quot;;&quot;weak&quot;;&quot;weak&quot;;&quot;extremelyNegative&quot;;&quot;weeks&quot;;&quot;daily&quot;;;;;&quot;2016-02-12&quot;;&quot;0&quot;;&quot;56be62d959363&quot;;;;;&quot;11&quot;
&quot;Rebecca&quot;;&quot;Bunch&quot;;&quot;Lindsay&quot;;&quot;Burton&quot;;&quot;Minnie&quot;;;&quot;spouse&quot;;&quot;veryClose&quot;;&quot;weak&quot;;&quot;weak&quot;;&quot;extremelyNegative&quot;;&quot;weeks&quot;;&quot;daily&quot;;;;;&quot;2016-02-12&quot;;&quot;1&quot;;&quot;56be62d959363&quot;;;;;&quot;12&quot;
&quot;Rebecca&quot;;&quot;Bunch&quot;;&quot;Lindsay&quot;;&quot;Burton&quot;;&quot;Donald&quot;;;&quot;spouse&quot;;&quot;veryClose&quot;;&quot;weak&quot;;&quot;weak&quot;;&quot;extremelyNegative&quot;;&quot;weeks&quot;;&quot;daily&quot;;;;;&quot;2016-02-12&quot;;&quot;2&quot;;&quot;56be62d959363&quot;;;;;&quot;13&quot;
&quot;Rebecca&quot;;&quot;Bunch&quot;;&quot;Lindsay&quot;;&quot;Burton&quot;;&quot;Mickey&quot;;;&quot;spouse&quot;;&quot;veryClose&quot;;&quot;weak&quot;;&quot;weak&quot;;&quot;extremelyNegative&quot;;&quot;weeks&quot;;&quot;daily&quot;;;;;&quot;2016-02-12&quot;;&quot;0&quot;;&quot;56be63b30e699&quot;;;;;&quot;14&quot;
&quot;Rebecca&quot;;&quot;Bunch&quot;;&quot;Lindsay&quot;;&quot;Burton&quot;;&quot;Minnie&quot;;;&quot;spouse&quot;;&quot;veryClose&quot;;&quot;weak&quot;;&quot;weak&quot;;&quot;extremelyNegative&quot;;&quot;weeks&quot;;&quot;daily&quot;;;;;&quot;2016-02-12&quot;;&quot;1&quot;;&quot;56be63b30e699&quot;;;;;&quot;15&quot;
&quot;Rebecca&quot;;&quot;Bunch&quot;;&quot;Lindsay&quot;;&quot;Burton&quot;;&quot;Donald&quot;;;&quot;spouse&quot;;&quot;veryClose&quot;;&quot;weak&quot;;&quot;weak&quot;;&quot;extremelyNegative&quot;;&quot;weeks&quot;;&quot;daily&quot;;;;;&quot;2016-02-12&quot;;&quot;2&quot;;&quot;56be63b30e699&quot;;;;;&quot;16&quot;
&quot;Rebecca&quot;;&quot;Bunch&quot;;&quot;Lindsay&quot;;&quot;Burton&quot;;&quot;Mickey&quot;;;&quot;spouse&quot;;&quot;veryClose&quot;;&quot;weak&quot;;&quot;weak&quot;;&quot;extremelyNegative&quot;;&quot;weeks&quot;;&quot;daily&quot;;;;;&quot;2016-02-23&quot;;&quot;0&quot;;&quot;56be651265696&quot;;;;;&quot;17&quot;
&quot;Rebecca&quot;;&quot;Bunch&quot;;&quot;Lindsay&quot;;&quot;Burton&quot;;&quot;Minnie&quot;;;&quot;spouse&quot;;&quot;veryClose&quot;;&quot;weak&quot;;&quot;weak&quot;;&quot;extremelyNegative&quot;;&quot;weeks&quot;;&quot;daily&quot;;;;;&quot;2016-02-23&quot;;&quot;1&quot;;&quot;56be651265696&quot;;;;;&quot;18&quot;
&quot;Rebecca&quot;;&quot;Bunch&quot;;&quot;Lindsay&quot;;&quot;Burton&quot;;&quot;Donald&quot;;;&quot;spouse&quot;;&quot;veryClose&quot;;&quot;weak&quot;;&quot;weak&quot;;&quot;extremelyNegative&quot;;&quot;weeks&quot;;&quot;daily&quot;;;;;&quot;2016-02-23&quot;;&quot;2&quot;;&quot;56be651265696&quot;;;;;&quot;19&quot;
&quot;Davy&quot;;&quot;Crockett&quot;;&quot;Lindsay&quot;;&quot;Burton&quot;;&quot;Mickey&quot;;;&quot;spouse&quot;;&quot;veryClose&quot;;&quot;weak&quot;;&quot;weak&quot;;&quot;extremelyNegative&quot;;&quot;weeks&quot;;&quot;daily&quot;;;;;&quot;2016-02-12&quot;;&quot;0&quot;;&quot;56be6ffc0f987&quot;;;;;&quot;20&quot;
&quot;Davy&quot;;&quot;Crockett&quot;;&quot;Lindsay&quot;;&quot;Burton&quot;;&quot;Minnie&quot;;;&quot;spouse&quot;;&quot;veryClose&quot;;&quot;weak&quot;;&quot;weak&quot;;&quot;extremelyNegative&quot;;&quot;weeks&quot;;&quot;daily&quot;;;;;&quot;2016-02-12&quot;;&quot;1&quot;;&quot;56be6ffc0f987&quot;;;;;&quot;21&quot;
&quot;Davy&quot;;&quot;Crockett&quot;;&quot;Lindsay&quot;;&quot;Burton&quot;;&quot;Donald&quot;;;&quot;spouse&quot;;&quot;veryClose&quot;;&quot;weak&quot;;&quot;weak&quot;;&quot;extremelyNegative&quot;;&quot;weeks&quot;;&quot;daily&quot;;;;;&quot;2016-02-12&quot;;&quot;2&quot;;&quot;56be6ffc0f987&quot;;;;;&quot;22&quot;
&quot;Leslie&quot;;&quot;Davis&quot;;&quot;Lindsay&quot;;&quot;Burton&quot;;&quot;Mickey&quot;;;&quot;spouse&quot;;&quot;veryClose&quot;;&quot;1&quot;;&quot;2000&quot;;&quot;extremelyNegative&quot;;&quot;weeks&quot;;&quot;daily&quot;;;;;&quot;2016-02-14&quot;;&quot;0&quot;;&quot;56c10d80d7168&quot;;;;;&quot;23&quot;
&quot;Leslie&quot;;&quot;Davis&quot;;&quot;Lindsay&quot;;&quot;Burton&quot;;&quot;Donald&quot;;;&quot;spouse&quot;;&quot;veryClose&quot;;&quot;1&quot;;&quot;2000&quot;;&quot;extremelyNegative&quot;;&quot;weeks&quot;;&quot;daily&quot;;;;;&quot;2016-02-14&quot;;&quot;1&quot;;&quot;56c10d80d7168&quot;;;;;&quot;24&quot;
&quot;Leslie&quot;;&quot;Davis&quot;;&quot;Lindsay&quot;;&quot;Burton&quot;;&quot;Goofy&quot;;;&quot;spouse&quot;;&quot;veryClose&quot;;&quot;1&quot;;&quot;2000&quot;;&quot;extremelyNegative&quot;;&quot;weeks&quot;;&quot;daily&quot;;;;;&quot;2016-02-14&quot;;&quot;2&quot;;&quot;56c10d80d7168&quot;;;;;&quot;25&quot;
&quot;Rebecca&quot;;&quot;Bunch&quot;;&quot;Lindsay&quot;;&quot;Burton&quot;;&quot;Mickey&quot;;;&quot;spouse&quot;;&quot;veryClose&quot;;&quot;1&quot;;&quot;2000&quot;;&quot;extremelyNegative&quot;;&quot;weeks&quot;;&quot;daily&quot;;;;;&quot;2016-02-20&quot;;&quot;0&quot;;&quot;56c96a8be95ba&quot;;;;;&quot;26&quot;
&quot;Rebecca&quot;;&quot;Bunch&quot;;&quot;Lindsay&quot;;&quot;Burton&quot;;&quot;Minnie&quot;;;&quot;spouse&quot;;&quot;veryClose&quot;;&quot;1&quot;;&quot;2000&quot;;&quot;extremelyNegative&quot;;&quot;weeks&quot;;&quot;daily&quot;;;;;&quot;2016-02-20&quot;;&quot;1&quot;;&quot;56c96a8be95ba&quot;;;;;&quot;27&quot;
&quot;Rebecca&quot;;&quot;Bunch&quot;;&quot;Lindsay&quot;;&quot;Burton&quot;;&quot;Donald&quot;;;&quot;spouse&quot;;&quot;veryClose&quot;;&quot;1&quot;;&quot;2000&quot;;&quot;extremelyNegative&quot;;&quot;weeks&quot;;&quot;daily&quot;;;;;&quot;2016-02-20&quot;;&quot;2&quot;;&quot;56c96a8be95ba&quot;;;;;&quot;28&quot;
&quot;Rebecca&quot;;&quot;Bunch&quot;;&quot;Lindsay&quot;;&quot;Burton&quot;;&quot;Huey&quot;;;&quot;spouse&quot;;&quot;1&quot;;&quot;1&quot;;&quot;1&quot;;&quot;extremelyNegative&quot;;&quot;weeks&quot;;&quot;daily&quot;;&quot;4&quot;;&quot;3&quot;;;&quot;2016-02-26&quot;;&quot;0&quot;;&quot;56c976c6e0f0a&quot;;;;;&quot;29&quot;
&quot;Rebecca&quot;;&quot;Bunch&quot;;&quot;Lindsay&quot;;&quot;Burton&quot;;&quot;Dewey&quot;;;&quot;spouse&quot;;&quot;1&quot;;&quot;1&quot;;&quot;1&quot;;&quot;extremelyNegative&quot;;&quot;weeks&quot;;&quot;daily&quot;;&quot;4&quot;;&quot;3&quot;;;&quot;2016-02-26&quot;;&quot;1&quot;;&quot;56c976c6e0f0a&quot;;;;;&quot;30&quot;
&quot;Rebecca&quot;;&quot;Bunch&quot;;&quot;Lindsay&quot;;&quot;Burton&quot;;&quot;Louie&quot;;;&quot;spouse&quot;;&quot;1&quot;;&quot;1&quot;;&quot;1&quot;;&quot;extremelyNegative&quot;;&quot;weeks&quot;;&quot;daily&quot;;&quot;4&quot;;&quot;3&quot;;;&quot;2016-02-26&quot;;&quot;2&quot;;&quot;56c976c6e0f0a&quot;;;;;&quot;31&quot;
&quot;Tom&quot;;&quot;Jones&quot;;&quot;Lindsay&quot;;&quot;Burton&quot;;&quot;Mickie&quot;;;&quot;spouse&quot;;&quot;1&quot;;&quot;1&quot;;&quot;1&quot;;&quot;extremelyNegative&quot;;&quot;weeks&quot;;&quot;daily&quot;;&quot;4&quot;;&quot;3&quot;;;&quot;2016-02-26&quot;;&quot;0&quot;;&quot;56c978a894360&quot;;;;;&quot;32&quot;
&quot;Tom&quot;;&quot;Jones&quot;;&quot;Lindsay&quot;;&quot;Burton&quot;;&quot;Donald&quot;;;&quot;spouse&quot;;&quot;1&quot;;&quot;1&quot;;&quot;1&quot;;&quot;extremelyNegative&quot;;&quot;weeks&quot;;&quot;daily&quot;;&quot;4&quot;;&quot;3&quot;;;&quot;2016-02-26&quot;;&quot;2&quot;;&quot;56c978a894360&quot;;;;;&quot;33&quot;
&quot;Lindsay&quot;;&quot;Burton&quot;;&quot;Lindsay&quot;;&quot;Burton&quot;;&quot;John&quot;;;&quot;spouse&quot;;&quot;1&quot;;&quot;1&quot;;&quot;1&quot;;&quot;extremelyNegative&quot;;&quot;weeks&quot;;&quot;daily&quot;;&quot;4&quot;;&quot;3&quot;;;&quot;2016-02-26&quot;;&quot;0&quot;;&quot;56c97a495084e&quot;;;;;&quot;34&quot;
&quot;Lindsay&quot;;&quot;Burton&quot;;&quot;Lindsay&quot;;&quot;Burton&quot;;&quot;Peter&quot;;;&quot;spouse&quot;;&quot;1&quot;;&quot;1&quot;;&quot;1&quot;;&quot;extremelyNegative&quot;;&quot;weeks&quot;;&quot;daily&quot;;&quot;4&quot;;&quot;3&quot;;;&quot;2016-02-26&quot;;&quot;1&quot;;&quot;56c97a495084e&quot;;;;;&quot;35&quot;
&quot;Lindsay&quot;;&quot;Burton&quot;;&quot;Lindsay&quot;;&quot;Burton&quot;;&quot;Michael&quot;;;&quot;spouse&quot;;&quot;1&quot;;&quot;1&quot;;&quot;1&quot;;&quot;extremelyNegative&quot;;&quot;weeks&quot;;&quot;daily&quot;;&quot;4&quot;;&quot;3&quot;;;&quot;2016-02-26&quot;;&quot;2&quot;;&quot;56c97a495084e&quot;;;;;&quot;36&quot;
&quot;Lindsay&quot;;&quot;Burton&quot;;&quot;Lindsay&quot;;&quot;Burton&quot;;&quot;Mickie&quot;;;&quot;spouse&quot;;&quot;1&quot;;&quot;1&quot;;&quot;1&quot;;&quot;extremelyNegative&quot;;&quot;weeks&quot;;&quot;daily&quot;;&quot;4&quot;;&quot;3&quot;;;&quot;2016-02-26&quot;;&quot;0&quot;;&quot;56c97b2435c72&quot;;&quot;2016-02-26&quot;;;;&quot;37&quot;
&quot;Lindsay&quot;;&quot;Burton&quot;;&quot;Lindsay&quot;;&quot;Burton&quot;;&quot;Minnie&quot;;;&quot;spouse&quot;;&quot;1&quot;;&quot;1&quot;;&quot;1&quot;;&quot;extremelyNegative&quot;;&quot;weeks&quot;;&quot;daily&quot;;&quot;4&quot;;&quot;3&quot;;;&quot;2016-02-26&quot;;&quot;1&quot;;&quot;56c97b2435c72&quot;;&quot;2016-02-26&quot;;;;&quot;38&quot;
&quot;Lindsay&quot;;&quot;Burton&quot;;&quot;Lindsay&quot;;&quot;Burton&quot;;&quot;Donald&quot;;;&quot;spouse&quot;;&quot;1&quot;;&quot;1&quot;;&quot;1&quot;;&quot;extremelyNegative&quot;;&quot;weeks&quot;;&quot;daily&quot;;&quot;4&quot;;&quot;3&quot;;;&quot;2016-02-26&quot;;&quot;2&quot;;&quot;56c97b2435c72&quot;;&quot;2016-02-26&quot;;;;&quot;39&quot;
&quot;Lindsay&quot;;&quot;Burton&quot;;&quot;Lindsay&quot;;&quot;Burton&quot;;&quot;Goofy&quot;;;&quot;spouse&quot;;&quot;1&quot;;&quot;1&quot;;&quot;1&quot;;&quot;extremelyNegative&quot;;&quot;weeks&quot;;&quot;daily&quot;;&quot;4&quot;;&quot;3&quot;;;&quot;2016-02-26&quot;;&quot;3&quot;;&quot;56c97b2435c72&quot;;&quot;2016-02-26&quot;;;;&quot;40&quot;
&quot;Lindsay&quot;;&quot;Burton&quot;;&quot;Lindsay&quot;;&quot;Burton&quot;;&quot;John&quot;;;&quot;spouse&quot;;&quot;1&quot;;&quot;1&quot;;&quot;1&quot;;&quot;extremelyNegative&quot;;&quot;weeks&quot;;&quot;daily&quot;;&quot;4&quot;;&quot;3&quot;;;&quot;2016-02-26&quot;;&quot;0&quot;;&quot;56c97b792debf&quot;;&quot;2016-02-26&quot;;;;&quot;41&quot;
&quot;Lindsay&quot;;&quot;Burton&quot;;&quot;Lindsay&quot;;&quot;Burton&quot;;&quot;Michael&quot;;;&quot;spouse&quot;;&quot;1&quot;;&quot;1&quot;;&quot;1&quot;;&quot;extremelyNegative&quot;;&quot;weeks&quot;;&quot;daily&quot;;&quot;4&quot;;&quot;3&quot;;;&quot;2016-02-26&quot;;&quot;1&quot;;&quot;56c97b792debf&quot;;&quot;2016-02-26&quot;;;;&quot;42&quot;
&quot;Lindsay&quot;;&quot;Burton&quot;;&quot;Lindsay&quot;;&quot;Burton&quot;;&quot;Peter&quot;;;&quot;spouse&quot;;&quot;1&quot;;&quot;1&quot;;&quot;1&quot;;&quot;extremelyNegative&quot;;&quot;weeks&quot;;&quot;daily&quot;;&quot;4&quot;;&quot;3&quot;;;&quot;2016-02-26&quot;;&quot;2&quot;;&quot;56c97b792debf&quot;;&quot;2016-02-26&quot;;;;&quot;43&quot;
&quot;Lindsay&quot;;&quot;Burton&quot;;&quot;Lindsay&quot;;&quot;Burton&quot;;&quot;Mickey&quot;;;&quot;spouse&quot;;&quot;1&quot;;&quot;1&quot;;&quot;1&quot;;&quot;extremelyNegative&quot;;&quot;weeks&quot;;&quot;daily&quot;;&quot;4&quot;;&quot;3&quot;;;&quot;2016-02-26&quot;;&quot;0&quot;;&quot;56c97df80ea91&quot;;&quot;2016-02-26&quot;;;;&quot;44&quot;
&quot;Lindsay&quot;;&quot;Burton&quot;;&quot;Lindsay&quot;;&quot;Burton&quot;;&quot;Minnie&quot;;;&quot;spouse&quot;;&quot;1&quot;;&quot;1&quot;;&quot;1&quot;;&quot;extremelyNegative&quot;;&quot;weeks&quot;;&quot;daily&quot;;&quot;4&quot;;&quot;3&quot;;;&quot;2016-02-26&quot;;&quot;1&quot;;&quot;56c97df80ea91&quot;;&quot;2016-02-26&quot;;;;&quot;45&quot;
&quot;Lindsay&quot;;&quot;Burton&quot;;&quot;Lindsay&quot;;&quot;Burton&quot;;&quot;Goofy&quot;;;&quot;spouse&quot;;&quot;1&quot;;&quot;1&quot;;&quot;1&quot;;&quot;extremelyNegative&quot;;&quot;weeks&quot;;&quot;daily&quot;;&quot;4&quot;;&quot;3&quot;;;&quot;2016-02-26&quot;;&quot;2&quot;;&quot;56c97df80ea91&quot;;&quot;2016-02-26&quot;;;;&quot;46&quot;
;&quot;LM&quot;;;&quot;DJ&quot;;&quot;Jody G&quot;;;&quot;formerPartner&quot;;&quot;1&quot;;&quot;3&quot;;&quot;3&quot;;&quot;extremelyPositive&quot;;&quot;ten&quot;;&quot;yearly&quot;;&quot;4&quot;;&quot;1&quot;;;&quot;2-27-2016&quot;;&quot;0&quot;;&quot;56d1cd2a18b8d&quot;;&quot;2-27-2016&quot;;;;&quot;47&quot;
;&quot;LM&quot;;;&quot;DJ&quot;;&quot;Amy Z&quot;;;&quot;friend&quot;;&quot;1&quot;;&quot;2&quot;;&quot;3&quot;;&quot;extremelyPositive&quot;;&quot;ten&quot;;&quot;weekly&quot;;&quot;4&quot;;&quot;1&quot;;;&quot;2-27-2016&quot;;&quot;1&quot;;&quot;56d1cd2a18b8d&quot;;&quot;2-27-2016&quot;;;;&quot;48&quot;
;&quot;LM&quot;;;&quot;DJ&quot;;&quot;Rodby&quot;;;&quot;friend&quot;;&quot;1&quot;;&quot;3&quot;;&quot;3&quot;;&quot;extremelyPositive&quot;;&quot;ten&quot;;&quot;yearly&quot;;&quot;4&quot;;&quot;1&quot;;;&quot;2-27-2016&quot;;&quot;2&quot;;&quot;56d1cd2a18b8d&quot;;&quot;2-27-2016&quot;;;;&quot;49&quot;
;&quot;LM&quot;;;&quot;DJ&quot;;&quot;empty1&quot;;;&quot;other&quot;;&quot;2&quot;;&quot;1&quot;;&quot;1&quot;;&quot;extremelyNegative&quot;;&quot;weeks&quot;;&quot;infrequently&quot;;&quot;7&quot;;&quot;6&quot;;;&quot;2-27-2016&quot;;&quot;3&quot;;&quot;56d1cd2a18b8d&quot;;&quot;2-27-2016&quot;;;;&quot;50&quot;
&quot;John&quot;;&quot;Smith&quot;;&quot;Lindsay&quot;;&quot;Burton&quot;;&quot;Mickey&quot;;;&quot;spouse&quot;;&quot;1&quot;;&quot;1&quot;;&quot;1&quot;;&quot;veryNegative&quot;;&quot;twoFive&quot;;&quot;yearly&quot;;&quot;4&quot;;&quot;3&quot;;;&quot;2016-07-07&quot;;&quot;0&quot;;&quot;56de682cca70e&quot;;&quot;2016-07-07&quot;;;;&quot;51&quot;
&quot;John&quot;;&quot;Smith&quot;;&quot;Lindsay&quot;;&quot;Burton&quot;;&quot;Minnie&quot;;;&quot;formerSpouse&quot;;&quot;2&quot;;&quot;1&quot;;&quot;3&quot;;&quot;veryNegative&quot;;&quot;fiveTen&quot;;&quot;weekly&quot;;&quot;7&quot;;&quot;4&quot;;;&quot;2016-07-07&quot;;&quot;1&quot;;&quot;56de682cca70e&quot;;&quot;2016-07-07&quot;;;;&quot;52&quot;
&quot;John&quot;;&quot;Smith&quot;;&quot;Lindsay&quot;;&quot;Burton&quot;;&quot;Donald&quot;;;&quot;stepparent&quot;;&quot;2&quot;;&quot;3&quot;;&quot;3&quot;;&quot;neutral&quot;;&quot;twoFive&quot;;&quot;monthly&quot;;&quot;7&quot;;&quot;4&quot;;;&quot;2016-07-07&quot;;&quot;2&quot;;&quot;56de682cca70e&quot;;&quot;2016-07-07&quot;;;;&quot;53&quot;
&quot;Tom&quot;;&quot;Jones&quot;;&quot;Lindsay&quot;;&quot;Burton&quot;;&quot;Donald&quot;;;&quot;otherRelative&quot;;&quot;3&quot;;&quot;2&quot;;&quot;1&quot;;&quot;veryPositive&quot;;&quot;oneTwo&quot;;&quot;weekly&quot;;&quot;10&quot;;&quot;9&quot;;;&quot;2016-03-11&quot;;&quot;2&quot;;&quot;56e318077a8af&quot;;&quot;2016-03-11&quot;;;;&quot;54&quot;
&quot;John&quot;;&quot;Smith&quot;;&quot;Lindsay&quot;;&quot;Burton&quot;;&quot;Mickey&quot;;;&quot;formerPartner&quot;;&quot;3&quot;;&quot;1&quot;;&quot;3&quot;;&quot;negative&quot;;&quot;fiveTen&quot;;&quot;infrequently&quot;;&quot;10&quot;;&quot;7&quot;;;&quot;2016-03-11&quot;;&quot;0&quot;;&quot;56e31aea628f7&quot;;&quot;2016-03-11&quot;;;;&quot;55&quot;
&quot;John&quot;;&quot;Smith&quot;;&quot;Lindsay&quot;;&quot;Burton&quot;;&quot;Minnie&quot;;;&quot;coworker&quot;;&quot;2&quot;;&quot;2&quot;;&quot;3&quot;;&quot;neutral&quot;;&quot;oneTwo&quot;;&quot;infrequently&quot;;&quot;7&quot;;&quot;4&quot;;;&quot;2016-03-11&quot;;&quot;1&quot;;&quot;56e31aea628f7&quot;;&quot;2016-03-11&quot;;;;&quot;56&quot;
&quot;John&quot;;&quot;Smith&quot;;&quot;Lindsay&quot;;&quot;Burton&quot;;&quot;Mickey&quot;;;&quot;friend&quot;;&quot;2&quot;;&quot;3&quot;;&quot;2&quot;;&quot;veryPositive&quot;;&quot;months&quot;;&quot;monthly&quot;;&quot;7&quot;;&quot;5&quot;;;&quot;2016-03-11&quot;;&quot;0&quot;;&quot;56e3528124480&quot;;&quot;2016-03-11&quot;;;;&quot;57&quot;
&quot;John&quot;;&quot;Smith&quot;;&quot;Lindsay&quot;;&quot;Burton&quot;;&quot;Minnie&quot;;;&quot;child&quot;;&quot;3&quot;;&quot;2&quot;;&quot;2&quot;;&quot;positive&quot;;&quot;twoFive&quot;;&quot;monthly&quot;;&quot;10&quot;;&quot;8&quot;;;&quot;2016-03-11&quot;;&quot;1&quot;;&quot;56e3528124480&quot;;&quot;2016-03-11&quot;;;;&quot;58&quot;
&quot;Tom&quot;;&quot;Jones&quot;;&quot;Lindsay&quot;;&quot;Burton&quot;;;;&quot;child&quot;;&quot;3&quot;;;&quot;2&quot;;&quot;veryPositive&quot;;&quot;months&quot;;&quot;yearly&quot;;&quot;10&quot;;&quot;8&quot;;;&quot;2016-03-11&quot;;&quot;2&quot;;&quot;56e36554b3ae0&quot;;&quot;2016-03-11&quot;;;;&quot;59&quot;
&quot;John&quot;;&quot;Doe&quot;;&quot;Lindsay&quot;;&quot;Burton&quot;;&quot;Mickey&quot;;;&quot;deceasedRelative&quot;;&quot;1&quot;;&quot;200000.00&quot;;&quot;3&quot;;&quot;slightlyNegative&quot;;&quot;twoFive&quot;;&quot;monthly&quot;;&quot;4&quot;;&quot;1&quot;;;&quot;2016-03-11&quot;;&quot;0&quot;;&quot;56e36609250e7&quot;;&quot;2016-03-11&quot;;;;&quot;60&quot;
&quot;John&quot;;&quot;Doe&quot;;&quot;Lindsay&quot;;&quot;Burton&quot;;&quot;Minnie&quot;;;&quot;sibling&quot;;&quot;3&quot;;&quot;300000.00&quot;;&quot;2&quot;;&quot;neutral&quot;;&quot;oneTwo&quot;;&quot;monthly&quot;;&quot;10&quot;;&quot;8&quot;;;&quot;2016-03-11&quot;;&quot;1&quot;;&quot;56e36609250e7&quot;;&quot;2016-03-11&quot;;;;&quot;61&quot;
&quot;Joe&quot;;&quot;Wallace&quot;;&quot;Lindsay&quot;;&quot;Burton&quot;;&quot;Mickey&quot;;;&quot;formerPartner&quot;;&quot;3&quot;;&quot;100000.00&quot;;&quot;3&quot;;&quot;negative&quot;;&quot;ten&quot;;&quot;daily&quot;;&quot;10&quot;;&quot;7&quot;;;&quot;2016-03-12&quot;;&quot;0&quot;;&quot;56e4e53b20af9&quot;;&quot;2016-03-12&quot;;;;&quot;62&quot;
&quot;Joe&quot;;&quot;Wallace&quot;;&quot;Lindsay&quot;;&quot;Burton&quot;;&quot;Minnie&quot;;;&quot;boss&quot;;&quot;2&quot;;&quot;200000.00&quot;;&quot;3&quot;;&quot;veryNegative&quot;;&quot;fiveTen&quot;;&quot;weekly&quot;;&quot;7&quot;;&quot;4&quot;;;&quot;2016-03-12&quot;;&quot;1&quot;;&quot;56e4e53b20af9&quot;;&quot;2016-03-12&quot;;;;&quot;63&quot;
&quot;Tom&quot;;&quot;Thompson&quot;;&quot;Lindsay&quot;;&quot;Burton&quot;;&quot;Donald&quot;;;&quot;parent&quot;;&quot;1&quot;;&quot;200000.00&quot;;&quot;3&quot;;&quot;extremelyPositive&quot;;&quot;fiveTen&quot;;&quot;weekly&quot;;&quot;4&quot;;&quot;1&quot;;;&quot;2016-02-12&quot;;&quot;0&quot;;&quot;56e4fd012d78d&quot;;&quot;2016-02-12&quot;;;;&quot;64&quot;
&quot;Tom&quot;;&quot;Thompson&quot;;&quot;Lindsay&quot;;&quot;Burton&quot;;&quot;Goofy&quot;;;&quot;influence&quot;;&quot;1&quot;;&quot;200000.00&quot;;&quot;2&quot;;&quot;positive&quot;;&quot;months&quot;;&quot;monthly&quot;;&quot;4&quot;;&quot;2&quot;;;&quot;2016-02-12&quot;;&quot;1&quot;;&quot;56e4fd012d78d&quot;;&quot;2016-02-12&quot;;;;&quot;65&quot;
;&quot;Lyle&quot;;;&quot;Denver&quot;;&quot;Amy&quot;;;&quot;friend&quot;;&quot;1&quot;;&quot;300000.00&quot;;&quot;3&quot;;&quot;extremelyPositive&quot;;&quot;ten&quot;;&quot;weekly&quot;;&quot;4&quot;;&quot;1&quot;;;&quot;3/14/2016&quot;;&quot;0&quot;;&quot;56e676f0a9e0a&quot;;&quot;3/14/2016&quot;;;;&quot;66&quot;
;&quot;Lyle&quot;;;&quot;Denver&quot;;&quot;Bob&quot;;;&quot;coworker&quot;;&quot;1&quot;;&quot;300000.00&quot;;&quot;3&quot;;&quot;extremelyPositive&quot;;&quot;ten&quot;;&quot;monthly&quot;;&quot;4&quot;;&quot;1&quot;;;&quot;3/14/2016&quot;;&quot;1&quot;;&quot;56e676f0a9e0a&quot;;&quot;3/14/2016&quot;;;;&quot;67&quot;
;&quot;Lyle&quot;;;&quot;Denver&quot;;&quot;Carla&quot;;;&quot;friend&quot;;&quot;2&quot;;&quot;200000.00&quot;;&quot;3&quot;;&quot;positive&quot;;&quot;ten&quot;;&quot;yearly&quot;;&quot;7&quot;;&quot;4&quot;;;&quot;3/14/2016&quot;;&quot;2&quot;;&quot;56e676f0a9e0a&quot;;&quot;3/14/2016&quot;;;;&quot;68&quot;
;&quot;Lyle&quot;;;&quot;Denver&quot;;&quot;&quot;;;&quot;other&quot;;&quot;3&quot;;&quot;100000.00&quot;;&quot;1&quot;;&quot;extremelyNegative&quot;;&quot;weeks&quot;;&quot;infrequently&quot;;&quot;10&quot;;&quot;9&quot;;;&quot;3/14/2016&quot;;&quot;3&quot;;&quot;56e676f0a9e0a&quot;;&quot;3/14/2016&quot;;;;&quot;69&quot;
&quot;Jerry&quot;;&quot;Smith&quot;;&quot;Lindsay&quot;;&quot;Burton&quot;;&quot;Donald&quot;;;&quot;otherRelative&quot;;&quot;2&quot;;&quot;300000.00&quot;;&quot;2&quot;;&quot;veryPositive&quot;;&quot;weeks&quot;;&quot;monthly&quot;;&quot;7&quot;;&quot;5&quot;;;&quot;2016-03-15&quot;;&quot;0&quot;;&quot;56e7b9a5e0058&quot;;&quot;2016-03-15&quot;;;;&quot;70&quot;
&quot;Jerry&quot;;&quot;Smith&quot;;&quot;Lindsay&quot;;&quot;Burton&quot;;&quot;Goofy&quot;;;&quot;friend&quot;;&quot;2&quot;;&quot;300000.00&quot;;&quot;2&quot;;&quot;veryPositive&quot;;&quot;months&quot;;&quot;monthly&quot;;&quot;7&quot;;&quot;5&quot;;;&quot;2016-03-15&quot;;&quot;1&quot;;&quot;56e7b9a5e0058&quot;;&quot;2016-03-15&quot;;;;&quot;71&quot;
&quot;Bob&quot;;&quot;Smith&quot;;&quot;Lindsay&quot;;&quot;Burton&quot;;&quot;Mickey&quot;;;&quot;formerPartner&quot;;&quot;2&quot;;&quot;200000.00&quot;;&quot;3&quot;;&quot;negative&quot;;&quot;ten&quot;;&quot;yearly&quot;;&quot;7&quot;;&quot;4&quot;;;&quot;2016-03-15&quot;;&quot;0&quot;;&quot;56e8e2927aff8&quot;;&quot;2016-03-15&quot;;;;&quot;72&quot;
&quot;Bob&quot;;&quot;Smith&quot;;&quot;Lindsay&quot;;&quot;Burton&quot;;&quot;Minnie&quot;;;&quot;formerPartner&quot;;&quot;2&quot;;&quot;200000.00&quot;;&quot;3&quot;;&quot;negative&quot;;&quot;oneTwo&quot;;&quot;monthly&quot;;&quot;7&quot;;&quot;4&quot;;;&quot;2016-03-15&quot;;&quot;1&quot;;&quot;56e8e2927aff8&quot;;&quot;2016-03-15&quot;;;;&quot;73&quot;
&quot;Bob&quot;;&quot;Bottle&quot;;&quot;Lindsay&quot;;&quot;Burton&quot;;;;&quot;formerPartner&quot;;&quot;3&quot;;&quot;200000.00&quot;;&quot;2&quot;;&quot;slightlyPositive&quot;;&quot;oneTwo&quot;;&quot;yearly&quot;;&quot;10&quot;;&quot;8&quot;;;&quot;2016-03-15&quot;;&quot;2&quot;;&quot;56e8e48f4fde5&quot;;&quot;2016-03-15&quot;;;;&quot;74&quot;
&quot;Tom&quot;;&quot;Jerry&quot;;&quot;Lindsay&quot;;&quot;Burton&quot;;&quot;Mickey&quot;;;&quot;parent&quot;;&quot;3&quot;;&quot;200000.00&quot;;&quot;1&quot;;&quot;slightlyPositive&quot;;&quot;oneTwo&quot;;&quot;weekly&quot;;&quot;10&quot;;&quot;9&quot;;;&quot;2016-03-15&quot;;&quot;0&quot;;&quot;56e8efed1aabe&quot;;&quot;2016-03-15&quot;;;;&quot;75&quot;
&quot;Tom&quot;;&quot;Jerry&quot;;&quot;Lindsay&quot;;&quot;Burton&quot;;&quot;Mickey&quot;;;&quot;parent&quot;;&quot;3&quot;;&quot;200000.00&quot;;&quot;1&quot;;&quot;slightlyPositive&quot;;&quot;oneTwo&quot;;&quot;weekly&quot;;&quot;10&quot;;&quot;9&quot;;;&quot;2016-03-15&quot;;&quot;0&quot;;&quot;56e8efed1aabe&quot;;&quot;2016-03-15&quot;;;;&quot;76&quot;
&quot;Tom&quot;;&quot;Jerry&quot;;&quot;Lindsay&quot;;&quot;Burton&quot;;&quot;Mickey&quot;;;&quot;parent&quot;;&quot;1&quot;;&quot;300000.00&quot;;&quot;3&quot;;&quot;negative&quot;;&quot;oneTwo&quot;;&quot;weekly&quot;;&quot;4&quot;;&quot;1&quot;;;&quot;2016-03-15&quot;;&quot;0&quot;;&quot;56e8efed1aabe&quot;;&quot;2016-03-15&quot;;;;&quot;77&quot;
&quot;Tom&quot;;&quot;Jerry&quot;;&quot;Lindsay&quot;;&quot;Burton&quot;;&quot;Mickey&quot;;;&quot;stepchild&quot;;&quot;2&quot;;&quot;200000.00&quot;;&quot;2&quot;;&quot;negative&quot;;&quot;months&quot;;&quot;yearly&quot;;&quot;7&quot;;&quot;5&quot;;;&quot;2016-03-15&quot;;&quot;0&quot;;&quot;56e8efed1aabe&quot;;&quot;2016-03-15&quot;;;;&quot;78&quot;
&quot;Tom&quot;;&quot;Jerry&quot;;&quot;Lindsay&quot;;&quot;Burton&quot;;&quot;Donald&quot;;;&quot;formerPartner&quot;;&quot;2&quot;;&quot;300000.00&quot;;&quot;2&quot;;&quot;slightlyPositive&quot;;&quot;twoFive&quot;;&quot;monthly&quot;;&quot;7&quot;;&quot;5&quot;;;&quot;2016-03-15&quot;;&quot;0&quot;;&quot;56e8efed1aabe&quot;;&quot;2016-03-15&quot;;;;&quot;79&quot;
&quot;Tom&quot;;&quot;Jerry&quot;;&quot;Lindsay&quot;;&quot;Burton&quot;;&quot;Goofy&quot;;;&quot;stepchild&quot;;&quot;2&quot;;&quot;300000.00&quot;;&quot;1&quot;;&quot;extremelyPositive&quot;;&quot;oneTwo&quot;;&quot;yearly&quot;;&quot;7&quot;;&quot;6&quot;;;&quot;2016-03-15&quot;;&quot;1&quot;;&quot;56e8efed1aabe&quot;;&quot;2016-03-15&quot;;;;&quot;80&quot;
&quot;Jack&quot;;&quot;White&quot;;&quot;Lindsay&quot;;&quot;Burton&quot;;&quot;Mickey&quot;;;&quot;sibling&quot;;&quot;1&quot;;&quot;300000.00&quot;;&quot;2&quot;;&quot;negative&quot;;&quot;oneTwo&quot;;&quot;weekly&quot;;&quot;4&quot;;&quot;2&quot;;;&quot;2016-03-15&quot;;&quot;0&quot;;&quot;56e8f7c6c001d&quot;;&quot;2016-03-15&quot;;;;&quot;81&quot;
&quot;Jack&quot;;&quot;White&quot;;&quot;Lindsay&quot;;&quot;Burton&quot;;&quot;Minnie&quot;;;&quot;stepparent&quot;;&quot;3&quot;;&quot;100000.00&quot;;&quot;2&quot;;&quot;negative&quot;;&quot;oneTwo&quot;;&quot;monthly&quot;;&quot;10&quot;;&quot;8&quot;;;&quot;2016-03-15&quot;;&quot;1&quot;;&quot;56e8f7c6c001d&quot;;&quot;2016-03-15&quot;;;;&quot;82&quot;
;&quot;Lyle&quot;;&quot;Denver&quot;;&quot;Johnson&quot;;&quot;Amy&quot;;;&quot;friend&quot;;&quot;1&quot;;&quot;300000.00&quot;;&quot;3&quot;;&quot;extremelyPositive&quot;;&quot;ten&quot;;&quot;weekly&quot;;&quot;4&quot;;&quot;1&quot;;;&quot;1582-10-15&quot;;&quot;0&quot;;&quot;56e900d4ce22d&quot;;&quot;1582-10-15&quot;;;;&quot;83&quot;
;&quot;Lyle&quot;;&quot;Denver&quot;;&quot;Johnson&quot;;&quot;Bob Rice&quot;;;&quot;coworker&quot;;&quot;2&quot;;&quot;300000.00&quot;;&quot;3&quot;;&quot;extremelyPositive&quot;;&quot;ten&quot;;&quot;monthly&quot;;&quot;7&quot;;&quot;4&quot;;;&quot;1582-10-15&quot;;&quot;1&quot;;&quot;56e900d4ce22d&quot;;&quot;1582-10-15&quot;;;;&quot;84&quot;
;&quot;Lyle&quot;;&quot;Denver&quot;;&quot;Johnson&quot;;&quot;Carla&quot;;;&quot;friend&quot;;&quot;3&quot;;&quot;300000.00&quot;;&quot;3&quot;;&quot;neutral&quot;;&quot;ten&quot;;&quot;yearly&quot;;&quot;10&quot;;&quot;7&quot;;;&quot;1582-10-15&quot;;&quot;2&quot;;&quot;56e900d4ce22d&quot;;&quot;1582-10-15&quot;;;;&quot;85&quot;
&quot;Bo&quot;;&quot;Jackson&quot;;&quot;Lindsay&quot;;&quot;Burton&quot;;&quot;Mickey&quot;;;&quot;stepchild&quot;;&quot;3&quot;;&quot;300000.00&quot;;&quot;2&quot;;&quot;slightlyPositive&quot;;&quot;twoFive&quot;;&quot;monthly&quot;;&quot;10&quot;;&quot;8&quot;;;&quot;2016-03-16&quot;;&quot;0&quot;;&quot;56e999cdc453e&quot;;&quot;2016-03-16&quot;;;;&quot;86&quot;
&quot;Bo&quot;;&quot;Jackson&quot;;&quot;Lindsay&quot;;&quot;Burton&quot;;&quot;Minnie&quot;;;&quot;stepparent&quot;;&quot;3&quot;;&quot;300000.00&quot;;&quot;1&quot;;&quot;positive&quot;;&quot;months&quot;;&quot;yearly&quot;;&quot;10&quot;;&quot;9&quot;;;&quot;2016-03-16&quot;;&quot;1&quot;;&quot;56e999cdc453e&quot;;&quot;2016-03-16&quot;;;;&quot;87&quot;
&quot;Bo&quot;;&quot;Jackson&quot;;&quot;Lindsay&quot;;&quot;Burton&quot;;&quot;Donald&quot;;;&quot;coworker&quot;;&quot;2&quot;;&quot;300000.00&quot;;&quot;3&quot;;&quot;positive&quot;;&quot;twoFive&quot;;&quot;monthly&quot;;&quot;7&quot;;&quot;4&quot;;;&quot;2016-03-16&quot;;&quot;2&quot;;&quot;56e999cdc453e&quot;;&quot;2016-03-16&quot;;;;&quot;88&quot;
&quot;Bo&quot;;&quot;Jackson&quot;;&quot;Lindsay&quot;;&quot;Burton&quot;;&quot;Goofy&quot;;;&quot;stepchild&quot;;&quot;2&quot;;&quot;200000.00&quot;;&quot;2&quot;;&quot;neutral&quot;;&quot;twoFive&quot;;&quot;monthly&quot;;&quot;7&quot;;&quot;5&quot;;;&quot;2016-03-16&quot;;&quot;3&quot;;&quot;56e999cdc453e&quot;;&quot;2016-03-16&quot;;;;&quot;89&quot;
&quot;Bo&quot;;&quot;Jackson&quot;;&quot;Lindsay&quot;;&quot;Burton&quot;;&quot;Daisy&quot;;;&quot;neighbor&quot;;&quot;3&quot;;&quot;300000.00&quot;;&quot;2&quot;;&quot;slightlyPositive&quot;;&quot;oneTwo&quot;;&quot;weekly&quot;;&quot;10&quot;;&quot;8&quot;;;&quot;2016-03-16&quot;;&quot;4&quot;;&quot;56e999cdc453e&quot;;&quot;2016-03-16&quot;;;;&quot;90&quot;
;&quot;lyle&quot;;;&quot;Denver&quot;;&quot;Amy&quot;;;&quot;friend&quot;;&quot;1&quot;;&quot;300000.00&quot;;&quot;3&quot;;&quot;extremelyPositive&quot;;&quot;ten&quot;;&quot;weekly&quot;;&quot;4&quot;;&quot;1&quot;;;&quot;2016-3-16&quot;;&quot;0&quot;;&quot;56e9a8cd79a28&quot;;&quot;2016-3-16&quot;;;;&quot;91&quot;
;&quot;Lyle&quot;;;&quot;Denver&quot;;&quot;Amy&quot;;;&quot;friend&quot;;&quot;1&quot;;&quot;300000.00&quot;;&quot;3&quot;;&quot;extremelyPositive&quot;;&quot;ten&quot;;&quot;weekly&quot;;&quot;4&quot;;&quot;1&quot;;;&quot;2016-3-16&quot;;&quot;0&quot;;&quot;56e9a9a8ee77c&quot;;&quot;2016-3-16&quot;;;;&quot;92&quot;
;&quot;Lyle&quot;;;&quot;Denver&quot;;&quot;Amy&quot;;;&quot;friend&quot;;&quot;1&quot;;&quot;300000.00&quot;;&quot;3&quot;;&quot;extremelyPositive&quot;;&quot;ten&quot;;&quot;weekly&quot;;&quot;4&quot;;&quot;1&quot;;;&quot;2016-3-16&quot;;&quot;0&quot;;&quot;56e9ac5c1f674&quot;;&quot;2016-3-16&quot;;;;&quot;93&quot;
;&quot;Lyle&quot;;;&quot;Denver&quot;;&quot;Bob&quot;;;&quot;coworker&quot;;&quot;1&quot;;&quot;300000.00&quot;;&quot;3&quot;;&quot;extremelyPositive&quot;;&quot;ten&quot;;&quot;monthly&quot;;&quot;4&quot;;&quot;1&quot;;;&quot;2016-3-16&quot;;&quot;1&quot;;&quot;56e9ac5c1f674&quot;;&quot;2016-3-16&quot;;;;&quot;94&quot;
&quot;Bob&quot;;&quot;Crachit&quot;;&quot;Lindsay&quot;;&quot;Burton&quot;;&quot;Mickey&quot;;;&quot;friend&quot;;&quot;1&quot;;&quot;300000.00&quot;;&quot;2&quot;;&quot;slightlyNegative&quot;;&quot;fiveTen&quot;;&quot;yearly&quot;;&quot;4&quot;;&quot;2&quot;;;&quot;2016-03-16&quot;;&quot;0&quot;;&quot;56ea3d9bc2680&quot;;&quot;2016-03-16&quot;;;;&quot;95&quot;
&quot;Bob&quot;;&quot;Crachit&quot;;&quot;Lindsay&quot;;&quot;Burton&quot;;&quot;Minnie&quot;;;&quot;child&quot;;&quot;2&quot;;&quot;200000.00&quot;;&quot;2&quot;;&quot;negative&quot;;&quot;twoFive&quot;;&quot;monthly&quot;;&quot;7&quot;;&quot;5&quot;;;&quot;2016-03-16&quot;;&quot;1&quot;;&quot;56ea3d9bc2680&quot;;&quot;2016-03-16&quot;;;;&quot;96&quot;
&quot;Bob&quot;;&quot;Crachit&quot;;&quot;Lindsay&quot;;&quot;Burton&quot;;&quot;Donald&quot;;;&quot;parent&quot;;&quot;1&quot;;&quot;300000.00&quot;;&quot;2&quot;;&quot;neutral&quot;;&quot;months&quot;;&quot;weekly&quot;;&quot;4&quot;;&quot;2&quot;;;&quot;2016-03-16&quot;;&quot;2&quot;;&quot;56ea3d9bc2680&quot;;&quot;2016-03-16&quot;;;;&quot;97&quot;
&quot;Bob&quot;;&quot;Crachit&quot;;&quot;Lindsay&quot;;&quot;Burton&quot;;&quot;Goofy&quot;;;&quot;stepparent&quot;;&quot;1&quot;;&quot;300000.00&quot;;&quot;3&quot;;&quot;neutral&quot;;&quot;oneTwo&quot;;&quot;weekly&quot;;&quot;4&quot;;&quot;1&quot;;;&quot;2016-03-16&quot;;&quot;3&quot;;&quot;56ea3d9bc2680&quot;;&quot;2016-03-16&quot;;;;&quot;98&quot;
&quot;Tom&quot;;&quot;Smith&quot;;&quot;Lindsay&quot;;&quot;Burton&quot;;&quot;Mickey&quot;;;&quot;stepchild&quot;;&quot;2&quot;;&quot;300000.00&quot;;&quot;2&quot;;&quot;negative&quot;;&quot;fiveTen&quot;;&quot;yearly&quot;;&quot;7&quot;;&quot;5&quot;;;&quot;2016-03-16&quot;;&quot;0&quot;;&quot;56ea42b9b85f6&quot;;&quot;2016-03-16&quot;;;;&quot;99&quot;
&quot;Tom&quot;;&quot;Smith&quot;;&quot;Lindsay&quot;;&quot;Burton&quot;;&quot;Minnie&quot;;;&quot;aquaintance&quot;;&quot;3&quot;;&quot;300000.00&quot;;&quot;3&quot;;&quot;positive&quot;;&quot;twoFive&quot;;&quot;yearly&quot;;&quot;10&quot;;&quot;7&quot;;;&quot;2016-03-16&quot;;&quot;1&quot;;&quot;56ea42b9b85f6&quot;;&quot;2016-03-16&quot;;;;&quot;100&quot;
&quot;Tom&quot;;&quot;Smith&quot;;&quot;Lindsay&quot;;&quot;Burton&quot;;&quot;Donald&quot;;;&quot;formerSpouse&quot;;&quot;1&quot;;&quot;300000.00&quot;;&quot;3&quot;;&quot;positive&quot;;&quot;twoFive&quot;;&quot;weekly&quot;;&quot;4&quot;;&quot;1&quot;;;&quot;2016-03-16&quot;;&quot;2&quot;;&quot;56ea42b9b85f6&quot;;&quot;2016-03-16&quot;;;;&quot;101&quot;
&quot;Rebecca&quot;;&quot;Davis&quot;;&quot;Lindsay&quot;;&quot;Burton&quot;;&quot;Mickey&quot;;;&quot;stepparent&quot;;&quot;3&quot;;&quot;300000.00&quot;;&quot;2&quot;;&quot;veryNegative&quot;;&quot;oneTwo&quot;;&quot;weekly&quot;;&quot;10&quot;;&quot;8&quot;;;&quot;2016-03-18&quot;;&quot;0&quot;;&quot;56ec73d0315d1&quot;;&quot;2016-03-18&quot;;;;&quot;102&quot;
&quot;Rebecca&quot;;&quot;Davis&quot;;&quot;Lindsay&quot;;&quot;Burton&quot;;&quot;Minnie&quot;;;&quot;parent&quot;;&quot;2&quot;;&quot;300000.00&quot;;&quot;1&quot;;&quot;neutral&quot;;&quot;twoFive&quot;;&quot;monthly&quot;;&quot;7&quot;;&quot;6&quot;;;&quot;2016-03-18&quot;;&quot;1&quot;;&quot;56ec73d0315d1&quot;;&quot;2016-03-18&quot;;;;&quot;103&quot;
&quot;Rebecca&quot;;&quot;Davis&quot;;&quot;Lindsay&quot;;&quot;Burton&quot;;&quot;Donald&quot;;;&quot;coworker&quot;;&quot;1&quot;;&quot;300000.00&quot;;&quot;1&quot;;&quot;veryPositive&quot;;&quot;oneTwo&quot;;&quot;yearly&quot;;&quot;4&quot;;&quot;3&quot;;;&quot;2016-03-18&quot;;&quot;2&quot;;&quot;56ec73d0315d1&quot;;&quot;2016-03-18&quot;;;;&quot;104&quot;
&quot;Rebecca&quot;;&quot;Davis&quot;;&quot;Lindsay&quot;;&quot;Burton&quot;;&quot;Goofy&quot;;;&quot;friend&quot;;&quot;3&quot;;&quot;300000.00&quot;;&quot;2&quot;;&quot;slightlyPositive&quot;;&quot;fiveTen&quot;;&quot;monthly&quot;;&quot;10&quot;;&quot;8&quot;;;&quot;2016-03-18&quot;;&quot;3&quot;;&quot;56ec73d0315d1&quot;;&quot;2016-03-18&quot;;;;&quot;105&quot;
&quot;Rebecca&quot;;&quot;Davis&quot;;&quot;Lindsay&quot;;&quot;Burton&quot;;&quot;Daisy&quot;;;&quot;influence&quot;;&quot;2&quot;;&quot;200000.00&quot;;&quot;2&quot;;&quot;negative&quot;;&quot;twoFive&quot;;&quot;monthly&quot;;&quot;7&quot;;&quot;5&quot;;;&quot;2016-03-18&quot;;&quot;4&quot;;&quot;56ec73d0315d1&quot;;&quot;2016-03-18&quot;;;;&quot;106&quot;
&quot;Rebecca&quot;;&quot;Davis&quot;;&quot;Lindsay&quot;;&quot;Burton&quot;;&quot;Fred&quot;;;&quot;stepchild&quot;;&quot;2&quot;;&quot;200000.00&quot;;&quot;1&quot;;&quot;positive&quot;;&quot;months&quot;;&quot;monthly&quot;;&quot;7&quot;;&quot;6&quot;;;&quot;2016-03-18&quot;;&quot;5&quot;;&quot;56ec73d0315d1&quot;;&quot;2016-03-18&quot;;;;&quot;107&quot;
&quot;Michael&quot;;&quot;Scott&quot;;&quot;Lindsay&quot;;&quot;Burton&quot;;&quot;Mickey&quot;;;&quot;stepparent&quot;;&quot;2&quot;;&quot;300000.00&quot;;&quot;2&quot;;&quot;slightlyNegative&quot;;&quot;twoFive&quot;;&quot;monthly&quot;;&quot;7&quot;;&quot;5&quot;;;&quot;2016-03-26&quot;;&quot;0&quot;;&quot;56f6eb9688983&quot;;&quot;2016-03-26&quot;;;;&quot;108&quot;
&quot;Michael&quot;;&quot;Scott&quot;;&quot;Lindsay&quot;;&quot;Burton&quot;;&quot;Minnie&quot;;;&quot;parent&quot;;&quot;2&quot;;&quot;200000.00&quot;;&quot;3&quot;;&quot;positive&quot;;&quot;ten&quot;;&quot;yearly&quot;;&quot;7&quot;;&quot;4&quot;;;&quot;2016-03-26&quot;;&quot;1&quot;;&quot;56f6eb9688983&quot;;&quot;2016-03-26&quot;;;;&quot;109&quot;
&quot;Michael&quot;;&quot;Scott&quot;;&quot;Lindsay&quot;;&quot;Burton&quot;;&quot;Donald&quot;;;&quot;formerSpouse&quot;;&quot;1&quot;;&quot;300000.00&quot;;&quot;3&quot;;&quot;slightlyPositive&quot;;&quot;oneTwo&quot;;&quot;monthly&quot;;&quot;4&quot;;&quot;1&quot;;;&quot;2016-03-26&quot;;&quot;2&quot;;&quot;56f6eb9688983&quot;;&quot;2016-03-26&quot;;;;&quot;110&quot;
&quot;Michael&quot;;&quot;Scott&quot;;&quot;Lindsay&quot;;&quot;Burton&quot;;&quot;Mickey&quot;;;&quot;stepparent&quot;;&quot;2&quot;;&quot;200000.00&quot;;&quot;3&quot;;&quot;slightlyNegative&quot;;&quot;twoFive&quot;;&quot;monthly&quot;;&quot;7&quot;;&quot;4&quot;;;&quot;2016-03-26&quot;;&quot;0&quot;;&quot;56f6fb679a3c1&quot;;&quot;2016-03-26&quot;;;;&quot;111&quot;
&quot;Michael&quot;;&quot;Scott&quot;;&quot;Lindsay&quot;;&quot;Burton&quot;;&quot;Minnie&quot;;;&quot;friend&quot;;&quot;1&quot;;&quot;300000.00&quot;;&quot;3&quot;;&quot;positive&quot;;&quot;fiveTen&quot;;&quot;yearly&quot;;&quot;4&quot;;&quot;1&quot;;;&quot;2016-03-26&quot;;&quot;1&quot;;&quot;56f6fb679a3c1&quot;;&quot;2016-03-26&quot;;;;&quot;112&quot;
&quot;Michael&quot;;&quot;Scott&quot;;&quot;Lindsay&quot;;&quot;Burton&quot;;&quot;Donald&quot;;;&quot;coworker&quot;;&quot;2&quot;;&quot;300000.00&quot;;&quot;3&quot;;&quot;positive&quot;;&quot;months&quot;;&quot;weekly&quot;;&quot;7&quot;;&quot;4&quot;;;&quot;2016-03-26&quot;;&quot;2&quot;;&quot;56f6fb679a3c1&quot;;&quot;2016-03-26&quot;;;;&quot;113&quot;
&quot;Michael&quot;;&quot;Scott&quot;;&quot;Lindsay&quot;;&quot;Burton&quot;;&quot;Mickey&quot;;;&quot;stepparent&quot;;&quot;3&quot;;&quot;300000.00&quot;;&quot;2&quot;;&quot;veryNegative&quot;;&quot;twoFive&quot;;&quot;monthly&quot;;&quot;10&quot;;&quot;8&quot;;;&quot;2016-03-26&quot;;&quot;0&quot;;&quot;56f6fbeaf3575&quot;;&quot;2016-03-26&quot;;;;&quot;114&quot;
&quot;Michael&quot;;&quot;Scott&quot;;&quot;Lindsay&quot;;&quot;Burton&quot;;&quot;Minnie&quot;;;&quot;formerPartner&quot;;&quot;1&quot;;&quot;200000.00&quot;;&quot;3&quot;;&quot;slightlyPositive&quot;;&quot;oneTwo&quot;;&quot;monthly&quot;;&quot;4&quot;;&quot;1&quot;;;&quot;2016-03-26&quot;;&quot;1&quot;;&quot;56f6fbeaf3575&quot;;&quot;2016-03-26&quot;;;;&quot;115&quot;
&quot;Michael&quot;;&quot;Scott&quot;;&quot;Lindsay&quot;;&quot;Burton&quot;;&quot;Donald&quot;;;&quot;coworker&quot;;&quot;2&quot;;&quot;200000.00&quot;;&quot;3&quot;;&quot;neutral&quot;;&quot;twoFive&quot;;&quot;infrequently&quot;;&quot;7&quot;;&quot;4&quot;;;&quot;2016-03-26&quot;;&quot;2&quot;;&quot;56f6fbeaf3575&quot;;&quot;2016-03-26&quot;;;;&quot;116&quot;
&quot;Bob&quot;;&quot;Scott&quot;;&quot;Lindsay&quot;;&quot;Burton&quot;;&quot;Mickey&quot;;;&quot;formerPartner&quot;;&quot;1&quot;;&quot;300000.00&quot;;&quot;1&quot;;&quot;negative&quot;;&quot;twoFive&quot;;&quot;monthly&quot;;&quot;4&quot;;&quot;3&quot;;;&quot;2016-03-21&quot;;&quot;0&quot;;&quot;56f6fe33926ab&quot;;&quot;2016-03-21&quot;;;;&quot;117&quot;
&quot;Bob&quot;;&quot;Scott&quot;;&quot;Lindsay&quot;;&quot;Burton&quot;;&quot;Minnie&quot;;;&quot;child&quot;;&quot;3&quot;;&quot;300000.00&quot;;&quot;2&quot;;&quot;slightlyNegative&quot;;&quot;twoFive&quot;;&quot;yearly&quot;;&quot;10&quot;;&quot;8&quot;;;&quot;2016-03-21&quot;;&quot;1&quot;;&quot;56f6fe33926ab&quot;;&quot;2016-03-21&quot;;;;&quot;118&quot;
&quot;Bob&quot;;&quot;Scott&quot;;&quot;Lindsay&quot;;&quot;Burton&quot;;&quot;Donald&quot;;;&quot;sibling&quot;;&quot;1&quot;;&quot;300000.00&quot;;&quot;3&quot;;&quot;extremelyPositive&quot;;&quot;ten&quot;;&quot;monthly&quot;;&quot;4&quot;;&quot;1&quot;;;&quot;2016-03-21&quot;;&quot;2&quot;;&quot;56f6fe33926ab&quot;;&quot;2016-03-21&quot;;;;&quot;119&quot;
&quot;David&quot;;&quot;Mann&quot;;&quot;Lindsay&quot;;&quot;Burton&quot;;&quot;Mickey&quot;;;&quot;child&quot;;&quot;1&quot;;&quot;300000.00&quot;;&quot;2&quot;;&quot;slightlyPositive&quot;;&quot;months&quot;;&quot;daily&quot;;&quot;4&quot;;&quot;2&quot;;;&quot;2016-03-27&quot;;&quot;0&quot;;&quot;56f86d8e49c66&quot;;&quot;2016-03-27&quot;;;;&quot;120&quot;
&quot;David&quot;;&quot;Mann&quot;;&quot;Lindsay&quot;;&quot;Burton&quot;;&quot;Minnie&quot;;;&quot;parent&quot;;&quot;3&quot;;&quot;200000.00&quot;;&quot;3&quot;;&quot;negative&quot;;&quot;weeks&quot;;&quot;weekly&quot;;&quot;10&quot;;&quot;7&quot;;;&quot;2016-03-27&quot;;&quot;1&quot;;&quot;56f86d8e49c66&quot;;&quot;2016-03-27&quot;;;;&quot;121&quot;
&quot;David&quot;;&quot;Mann&quot;;&quot;Lindsay&quot;;&quot;Burton&quot;;&quot;Donald&quot;;;&quot;aquaintance&quot;;&quot;1&quot;;&quot;300000.00&quot;;&quot;3&quot;;&quot;neutral&quot;;&quot;twoFive&quot;;&quot;yearly&quot;;&quot;4&quot;;&quot;1&quot;;;&quot;2016-03-27&quot;;&quot;2&quot;;&quot;56f86d8e49c66&quot;;&quot;2016-03-27&quot;;;;&quot;122&quot;
&quot;Bob&quot;;&quot;Smith&quot;;&quot;Lindsay&quot;;&quot;Burton&quot;;&quot;Timmy&quot;;;&quot;stepparent&quot;;&quot;2&quot;;&quot;300000.00&quot;;&quot;2&quot;;&quot;veryPositive&quot;;&quot;months&quot;;&quot;monthly&quot;;&quot;7&quot;;&quot;5&quot;;;&quot;2016-03-29&quot;;&quot;0&quot;;&quot;56fb32c21b390&quot;;&quot;2016-03-29&quot;;;;&quot;123&quot;
&quot;Bob&quot;;&quot;Smith&quot;;&quot;Lindsay&quot;;&quot;Burton&quot;;&quot;Danny&quot;;;&quot;stepchild&quot;;&quot;3&quot;;&quot;300000.00&quot;;&quot;2&quot;;&quot;veryNegative&quot;;&quot;oneTwo&quot;;&quot;infrequently&quot;;&quot;10&quot;;&quot;8&quot;;;&quot;2016-03-29&quot;;&quot;1&quot;;&quot;56fb32c21b390&quot;;&quot;2016-03-29&quot;;;;&quot;124&quot;
&quot;Bob&quot;;&quot;Smith&quot;;&quot;Lindsay&quot;;&quot;Burton&quot;;&quot;Frances&quot;;;&quot;stepparent&quot;;&quot;3&quot;;&quot;300000.00&quot;;&quot;3&quot;;&quot;negative&quot;;&quot;oneTwo&quot;;&quot;daily&quot;;&quot;10&quot;;&quot;7&quot;;;&quot;2016-03-29&quot;;&quot;2&quot;;&quot;56fb32c21b390&quot;;&quot;2016-03-29&quot;;;;&quot;125&quot;
&quot;Red&quot;;&quot;Rover&quot;;&quot;Lindsay&quot;;&quot;Burton&quot;;&quot;Bob&quot;;;&quot;partner&quot;;&quot;2&quot;;&quot;300000.00&quot;;&quot;2&quot;;&quot;veryPositive&quot;;&quot;fiveTen&quot;;&quot;daily&quot;;&quot;7&quot;;&quot;5&quot;;;&quot;2016-03-30&quot;;&quot;0&quot;;&quot;56fc65eb2eed3&quot;;&quot;2016-03-30&quot;;;;&quot;126&quot;
&quot;Red&quot;;&quot;Rover&quot;;&quot;Lindsay&quot;;&quot;Burton&quot;;&quot;Tom&quot;;;&quot;formerSpouse&quot;;&quot;2&quot;;&quot;200000.00&quot;;&quot;3&quot;;&quot;slightlyPositive&quot;;&quot;twoFive&quot;;&quot;yearly&quot;;&quot;7&quot;;&quot;4&quot;;;&quot;2016-03-30&quot;;&quot;1&quot;;&quot;56fc65eb2eed3&quot;;&quot;2016-03-30&quot;;;;&quot;127&quot;
&quot;Red&quot;;&quot;Rover&quot;;&quot;Lindsay&quot;;&quot;Burton&quot;;&quot;Suzy&quot;;;&quot;deceasedRelative&quot;;&quot;2&quot;;&quot;300000.00&quot;;&quot;2&quot;;&quot;neutral&quot;;&quot;months&quot;;&quot;weekly&quot;;&quot;7&quot;;&quot;5&quot;;;&quot;2016-03-30&quot;;&quot;2&quot;;&quot;56fc65eb2eed3&quot;;&quot;2016-03-30&quot;;;;&quot;128&quot;
&quot;Tom&quot;;&quot;Scranton&quot;;&quot;Lindsay&quot;;&quot;Burton&quot;;&quot;Mickey&quot;;;&quot;formerSpouse&quot;;&quot;2&quot;;&quot;300000.00&quot;;&quot;2&quot;;&quot;veryNegative&quot;;&quot;twoFive&quot;;&quot;weekly&quot;;&quot;7&quot;;&quot;5&quot;;;&quot;2016-03-30&quot;;&quot;0&quot;;&quot;56fcc14b9f792&quot;;&quot;2016-03-30&quot;;;;&quot;129&quot;
&quot;Tom&quot;;&quot;Scranton&quot;;&quot;Lindsay&quot;;&quot;Burton&quot;;&quot;Minnie&quot;;;&quot;neighbor&quot;;&quot;2&quot;;&quot;300000.00&quot;;&quot;3&quot;;&quot;positive&quot;;&quot;months&quot;;&quot;monthly&quot;;&quot;7&quot;;&quot;4&quot;;;&quot;2016-03-30&quot;;&quot;1&quot;;&quot;56fcc14b9f792&quot;;&quot;2016-03-30&quot;;;;&quot;130&quot;
&quot;Tom&quot;;&quot;Scranton&quot;;&quot;Lindsay&quot;;&quot;Burton&quot;;&quot;Donald&quot;;;&quot;stepparent&quot;;&quot;1&quot;;&quot;300000.00&quot;;&quot;3&quot;;&quot;veryPositive&quot;;&quot;months&quot;;&quot;daily&quot;;&quot;4&quot;;&quot;1&quot;;;&quot;2016-03-30&quot;;&quot;2&quot;;&quot;56fcc14b9f792&quot;;&quot;2016-03-30&quot;;;;&quot;131&quot;
&quot;Tom&quot;;&quot;Scott&quot;;&quot;Lindsay&quot;;&quot;Burton&quot;;&quot;Mickey&quot;;;&quot;Partner&quot;;&quot;2&quot;;&quot;300000.00&quot;;&quot;3&quot;;&quot;Slightly Positive Effect&quot;;&quot;One or Two Years&quot;;&quot;Weekly&quot;;&quot;7&quot;;&quot;4&quot;;;&quot;2016-03-31&quot;;&quot;0&quot;;&quot;56fdcf99a687e&quot;;&quot;2016-03-31&quot;;&quot;n&quot;;;&quot;132&quot;
&quot;Tom&quot;;&quot;Scott&quot;;&quot;Lindsay&quot;;&quot;Burton&quot;;&quot;Minnie&quot;;;&quot;Sibling&quot;;&quot;1&quot;;&quot;400000.00&quot;;&quot;2&quot;;&quot;Positive Effect&quot;;&quot;Five to Ten Years&quot;;&quot;Infrequently&quot;;&quot;4&quot;;&quot;2&quot;;;&quot;2016-03-31&quot;;&quot;1&quot;;&quot;56fdcf99a687e&quot;;&quot;2016-03-31&quot;;&quot;n&quot;;;&quot;133&quot;
&quot;Tom&quot;;&quot;Scott&quot;;&quot;Lindsay&quot;;&quot;Burton&quot;;&quot;Donald&quot;;;&quot;Former Partner&quot;;&quot;3&quot;;&quot;200000.00&quot;;&quot;2&quot;;&quot;Very Negative Effect&quot;;&quot;More than Ten Years&quot;;&quot;Daily&quot;;&quot;10&quot;;&quot;8&quot;;;&quot;2016-03-31&quot;;&quot;2&quot;;&quot;56fdcf99a687e&quot;;&quot;2016-03-31&quot;;&quot;n&quot;;;&quot;134&quot;
&quot;Mike&quot;;&quot;Thompson&quot;;&quot;Lindsay&quot;;&quot;Burton&quot;;&quot;Mickey&quot;;;&quot;Former Partner&quot;;&quot;2&quot;;&quot;400000.00&quot;;&quot;1&quot;;&quot;Slightly Positive Effect&quot;;&quot;Two to Five Years&quot;;&quot;Weekly&quot;;&quot;7&quot;;&quot;6&quot;;;&quot;2016-04-01&quot;;&quot;0&quot;;&quot;56ff57475066d&quot;;&quot;2016-04-01&quot;;&quot;n&quot;;;&quot;135&quot;
&quot;Mike&quot;;&quot;Thompson&quot;;&quot;Lindsay&quot;;&quot;Burton&quot;;&quot;Minnie&quot;;;&quot;Partner&quot;;&quot;1&quot;;&quot;300000.00&quot;;&quot;2&quot;;&quot;Neutral Effect&quot;;&quot;Months&quot;;&quot;Monthly&quot;;&quot;4&quot;;&quot;2&quot;;;&quot;2016-04-01&quot;;&quot;1&quot;;&quot;56ff57475066d&quot;;&quot;2016-04-01&quot;;&quot;n&quot;;;&quot;136&quot;
&quot;Mike&quot;;&quot;Thompson&quot;;&quot;Lindsay&quot;;&quot;Burton&quot;;&quot;Donald&quot;;;&quot;Former Spouse&quot;;&quot;3&quot;;&quot;300000.00&quot;;&quot;2&quot;;&quot;Slightly Positive Effect&quot;;&quot;Months&quot;;&quot;Monthly&quot;;&quot;10&quot;;&quot;8&quot;;;&quot;2016-04-01&quot;;&quot;2&quot;;&quot;56ff57475066d&quot;;&quot;2016-04-01&quot;;&quot;n&quot;;;&quot;137&quot;
&quot;Sally&quot;;&quot;Smith&quot;;&quot;Lindsay&quot;;&quot;Burton&quot;;&quot;Bill&quot;;;&quot;StepChild&quot;;&quot;2&quot;;&quot;300000.00&quot;;&quot;2&quot;;&quot;Slightly Negative Effect&quot;;&quot;One or Two Years&quot;;&quot;Monthly&quot;;&quot;4&quot;;&quot;2&quot;;;&quot;2016-04-02&quot;;&quot;0&quot;;&quot;570011876cadd&quot;;&quot;2016-04-02&quot;;&quot;n&quot;;;&quot;138&quot;
&quot;Tom&quot;;&quot;Scott&quot;;&quot;Lindsay&quot;;&quot;Burton&quot;;&quot;Mickey&quot;;;&quot;Former Partner&quot;;&quot;3&quot;;&quot;300000.00&quot;;&quot;2&quot;;&quot;Neutral Effect&quot;;&quot;More than Ten Years&quot;;&quot;Daily&quot;;&quot;10&quot;;&quot;8&quot;;;&quot;2016-04-02&quot;;&quot;0&quot;;&quot;57008e2b78f97&quot;;&quot;2016-04-02&quot;;&quot;n&quot;;;&quot;139&quot;
&quot;Tom&quot;;&quot;Scott&quot;;&quot;Lindsay&quot;;&quot;Burton&quot;;&quot;Minnie&quot;;;&quot;Friend&quot;;&quot;2&quot;;&quot;300000.00&quot;;&quot;2&quot;;&quot;Slightly Positive Effect&quot;;&quot;Months&quot;;&quot;Yearly&quot;;&quot;7&quot;;&quot;5&quot;;;&quot;2016-04-02&quot;;&quot;1&quot;;&quot;57008e2b78f97&quot;;&quot;2016-04-02&quot;;&quot;n&quot;;;&quot;140&quot;
&quot;Tom&quot;;&quot;Scott&quot;;&quot;Lindsay&quot;;&quot;Burton&quot;;&quot;Donald&quot;;;&quot;Aquaintance&quot;;&quot;3&quot;;&quot;200000.00&quot;;&quot;2&quot;;&quot;Negative Effect&quot;;&quot;Months&quot;;&quot;Weekly&quot;;&quot;10&quot;;&quot;8&quot;;;&quot;2016-04-02&quot;;&quot;2&quot;;&quot;57008e2b78f97&quot;;&quot;2016-04-02&quot;;&quot;n&quot;;;&quot;141&quot;
&quot;Janet&quot;;&quot;Adams&quot;;&quot;Lindsay&quot;;&quot;Burton&quot;;&quot;Danny&quot;;;&quot;Former Spouse&quot;;&quot;3&quot;;&quot;300000.00&quot;;&quot;1&quot;;&quot;Slightly Negative Effect&quot;;&quot;One or Two Years&quot;;&quot;Monthly&quot;;&quot;10&quot;;&quot;9&quot;;;;;&quot;570f3b008e729&quot;;;&quot;n&quot;;;&quot;142&quot;
&quot;Bob&quot;;&quot;Charmichael&quot;;&quot;Lindsay&quot;;&quot;Burton&quot;;&quot;Bobby&quot;;;&quot;Child&quot;;&quot;3&quot;;&quot;300000.00&quot;;&quot;2&quot;;&quot;Neutral Effect&quot;;&quot;Months&quot;;&quot;Weekly&quot;;&quot;10&quot;;&quot;8&quot;;;&quot;2016-04-14&quot;;&quot;0&quot;;&quot;57104d386f08d&quot;;&quot;2016-04-14&quot;;&quot;n&quot;;;&quot;143&quot;
&quot;Bob&quot;;&quot;Charmichael&quot;;&quot;Lindsay&quot;;&quot;Burton&quot;;&quot;Bobby&quot;;;&quot;Child&quot;;&quot;3&quot;;&quot;300000.00&quot;;&quot;2&quot;;&quot;Neutral Effect&quot;;&quot;Months&quot;;&quot;Weekly&quot;;&quot;10&quot;;&quot;8&quot;;;&quot;2016-04-14&quot;;&quot;0&quot;;&quot;57104d386f08d&quot;;&quot;2016-04-14&quot;;&quot;n&quot;;;&quot;144&quot;
&quot;Bob&quot;;&quot;Charmichael&quot;;&quot;Lindsay&quot;;&quot;Burton&quot;;&quot;Bobby&quot;;;&quot;Parent&quot;;&quot;2&quot;;&quot;400000.00&quot;;&quot;2&quot;;&quot;Slightly Negative Effect&quot;;&quot;Two to Five Years&quot;;&quot;Monthly&quot;;&quot;7&quot;;&quot;5&quot;;;&quot;2016-04-14&quot;;&quot;0&quot;;&quot;57104d386f08d&quot;;&quot;2016-04-14&quot;;&quot;n&quot;;;&quot;145&quot;
&quot;Bob&quot;;&quot;Charmichael&quot;;&quot;Lindsay&quot;;&quot;Burton&quot;;&quot;Bobby&quot;;;&quot;Parent&quot;;&quot;2&quot;;&quot;400000.00&quot;;&quot;2&quot;;&quot;Slightly Negative Effect&quot;;&quot;Two to Five Years&quot;;&quot;Monthly&quot;;&quot;7&quot;;&quot;5&quot;;;&quot;2016-04-14&quot;;&quot;0&quot;;&quot;57104d386f08d&quot;;&quot;2016-04-14&quot;;&quot;n&quot;;;&quot;146&quot;
;&quot;a&quot;;;;&quot;a&quot;;;&quot;Spouse&quot;;&quot;1&quot;;&quot;400000.00&quot;;&quot;3&quot;;&quot;Extremely Positive Effect&quot;;&quot;More than Ten Years&quot;;&quot;Daily&quot;;&quot;4&quot;;&quot;1&quot;;;&quot;1&quot;;&quot;0&quot;;&quot;5717591b71c65&quot;;&quot;1&quot;;&quot;n&quot;;;&quot;151&quot;
;&quot;a&quot;;;;&quot;b&quot;;;&quot;Friend&quot;;&quot;1&quot;;&quot;400000.00&quot;;&quot;3&quot;;&quot;Extremely Positive Effect&quot;;&quot;More than Ten Years&quot;;&quot;Weekly&quot;;&quot;4&quot;;&quot;1&quot;;;&quot;1&quot;;&quot;1&quot;;&quot;5717591b71c65&quot;;&quot;1&quot;;&quot;n&quot;;;&quot;152&quot;
&quot;Larry&quot;;&quot;Boy&quot;;&quot;Lindsay&quot;;&quot;Burton&quot;;&quot;Bob&quot;;&quot;Bob&quot;;&quot;StepParent&quot;;&quot;2&quot;;&quot;400000.00&quot;;&quot;3&quot;;&quot;Slightly Negative Effect&quot;;&quot;More than Ten Years&quot;;&quot;Weekly&quot;;&quot;7&quot;;&quot;4&quot;;;&quot;2016-04-16&quot;;&quot;0&quot;;&quot;5712cb148e37e&quot;;&quot;2016-04-16&quot;;&quot;n&quot;;;&quot;148&quot;
&quot;Larry&quot;;&quot;Boy&quot;;&quot;Lindsay&quot;;&quot;Burton&quot;;&quot;Madame&quot;;&quot;Madame&quot;;&quot;Deceased Relative&quot;;&quot;2&quot;;&quot;300000.00&quot;;&quot;2&quot;;&quot;Slightly Positive Effect&quot;;&quot;Five to Ten Years&quot;;&quot;Weekly&quot;;&quot;7&quot;;&quot;5&quot;;;&quot;2016-04-16&quot;;&quot;1&quot;;&quot;5712cb148e37e&quot;;&quot;2016-04-16&quot;;&quot;y&quot;;;&quot;149&quot;
&quot;Larry&quot;;&quot;Boy&quot;;&quot;Lindsay&quot;;&quot;Burton&quot;;&quot;Junior&quot;;&quot;Junior&quot;;&quot;Child&quot;;&quot;2&quot;;&quot;400000.00&quot;;&quot;3&quot;;&quot;Positive Effect&quot;;&quot;More than Ten Years&quot;;&quot;Daily&quot;;&quot;7&quot;;&quot;3&quot;;;&quot;2016-04-16&quot;;&quot;2&quot;;&quot;5712cb148e37e&quot;;&quot;2016-04-16&quot;;&quot;n&quot;;;&quot;150&quot;
&quot;Larry&quot;;&quot;Boy&quot;;&quot;Lindsay&quot;;&quot;Burton&quot;;&quot;Minnie&quot;;&quot;Minnie&quot;;&quot;Parent&quot;;&quot;2&quot;;&quot;300000.0&quot;;&quot;3&quot;;&quot;Positive Effect&quot;;&quot;More Than Ten Years&quot;;&quot;Daily&quot;;&quot;7&quot;;&quot;2&quot;;;&quot;2016-04-21&quot;;&quot;4&quot;;&quot;5712cb148e37e&quot;;&quot;2016-04-21&quot;;&quot;n&quot;;;&quot;153&quot;
&quot;Larry&quot;;&quot;Boy&quot;;&quot;Lindsay&quot;;&quot;Burton&quot;;&quot;Mickey&quot;;&quot;Mick&quot;;&quot;Parent&quot;;&quot;2&quot;;&quot;200000.0&quot;;&quot;3&quot;;&quot;Positive Effect&quot;;&quot;More Than Ten Years&quot;;&quot;Daily&quot;;&quot;7&quot;;&quot;1&quot;;;&quot;2016-04-21&quot;;&quot;3&quot;;&quot;5712cb148e37e&quot;;&quot;2016-04-21&quot;;&quot;n&quot;;;&quot;154&quot;
&quot;Larry&quot;;&quot;Boy&quot;;&quot;Lindsay&quot;;&quot;Burton&quot;;&quot;Goofy&quot;;&quot;Goofy&quot;;&quot;Friend&quot;;&quot;2&quot;;&quot;400000.0&quot;;&quot;3&quot;;&quot;Positive Effect&quot;;&quot;More Than Ten Years&quot;;&quot;Daily&quot;;&quot;7&quot;;&quot;3&quot;;;&quot;2016-04-21&quot;;&quot;5&quot;;&quot;5712cb148e37e&quot;;&quot;2016-04-21&quot;;&quot;n&quot;;;&quot;155&quot;
&quot;Larry&quot;;&quot;Boy&quot;;&quot;Lindsay&quot;;&quot;Burton&quot;;&quot;Donald&quot;;&quot;Donald&quot;;&quot;Sibling&quot;;&quot;2&quot;;&quot;200000.0&quot;;&quot;3&quot;;&quot;Positive Effect&quot;;&quot;More Than Ten Years&quot;;&quot;Daily&quot;;&quot;7&quot;;&quot;6&quot;;;&quot;2016-04-21&quot;;&quot;6&quot;;&quot;5712cb148e37e&quot;;&quot;2016-04-21&quot;;&quot;n&quot;;;&quot;156&quot;
&quot;Larry&quot;;&quot;Boy&quot;;&quot;Lindsay&quot;;&quot;Burton&quot;;&quot;Daisy&quot;;&quot;Daisy&quot;;&quot;Co-Worker&quot;;&quot;2&quot;;&quot;300000.0&quot;;&quot;3&quot;;&quot;Positive Effect&quot;;&quot;More Than Ten Years&quot;;&quot;Daily&quot;;&quot;7&quot;;&quot;7&quot;;;&quot;2016-04-21&quot;;&quot;7&quot;;&quot;5712cb148e37e&quot;;&quot;2016-04-21&quot;;&quot;n&quot;;;&quot;157&quot;
&quot;Larry&quot;;&quot;Boy&quot;;&quot;Lindsay&quot;;&quot;Burton&quot;;&quot;Walter&quot;;&quot;Walter&quot;;&quot;Co-Worker&quot;;&quot;2&quot;;&quot;400000.0&quot;;&quot;3&quot;;&quot;Positive Effect&quot;;&quot;More Than Ten Years&quot;;&quot;Daily&quot;;&quot;7&quot;;&quot;8&quot;;&quot;Test comment.&quot;;&quot;2016-04-21&quot;;&quot;8&quot;;&quot;5712cb148e37e&quot;;&quot;2016-04-21&quot;;&quot;n&quot;;;&quot;158&quot;
&quot;Larry&quot;;&quot;Boy&quot;;&quot;Lindsay&quot;;&quot;Burton&quot;;&quot;Carol&quot;;&quot;Carol&quot;;&quot;Boss&quot;;&quot;2&quot;;&quot;400000.0&quot;;&quot;3&quot;;&quot;Positive Effect&quot;;&quot;More Than Ten Years&quot;;&quot;Daily&quot;;&quot;7&quot;;&quot;9&quot;;&quot;Test comment.&quot;;&quot;2016-04-21&quot;;&quot;9&quot;;&quot;5712cb148e37e&quot;;&quot;2016-04-21&quot;;&quot;y&quot;;;&quot;159&quot;
&quot;Bob&quot;;&quot;Bechdel&quot;;;;&quot;Linda&quot;;&quot;Lin&quot;;&quot;Spouse&quot;;&quot;2&quot;;&quot;300000.00&quot;;&quot;3&quot;;&quot;Negative Effect&quot;;&quot;One or Two Years&quot;;&quot;Monthly&quot;;&quot;7&quot;;&quot;4&quot;;;&quot;2016-05-04&quot;;&quot;0&quot;;&quot;572a762fa28ef&quot;;&quot;2016-05-04&quot;;&quot;n&quot;;;&quot;160&quot;
&quot;Bob&quot;;&quot;Belcher&quot;;&quot;Lindsay&quot;;&quot;Burton&quot;;&quot;Linda&quot;;&quot;Lind&quot;;&quot;Spouse&quot;;&quot;2&quot;;&quot;300000.00&quot;;&quot;3&quot;;&quot;Neutral Effect&quot;;&quot;One or Two Years&quot;;&quot;Yearly&quot;;&quot;7&quot;;&quot;4&quot;;;&quot;2016-05-04&quot;;&quot;0&quot;;&quot;572a7823d87bf&quot;;&quot;2016-05-04&quot;;&quot;n&quot;;;&quot;161&quot;
&quot;Bob&quot;;&quot;Belcher&quot;;&quot;Lindsay&quot;;&quot;Burton&quot;;&quot;Tina&quot;;&quot;Tina&quot;;&quot;StepChild&quot;;&quot;3&quot;;&quot;300000.00&quot;;&quot;2&quot;;&quot;Very Negative Effect&quot;;&quot;Five to Ten Years&quot;;&quot;Monthly&quot;;&quot;10&quot;;&quot;8&quot;;;&quot;2016-05-04&quot;;&quot;1&quot;;&quot;572a7823d87bf&quot;;&quot;2016-05-04&quot;;&quot;n&quot;;;&quot;162&quot;
&quot;Bob&quot;;&quot;Burger&quot;;&quot;Lindsay&quot;;&quot;Burton&quot;;&quot;Linda&quot;;&quot;Linda&quot;;&quot;Partner&quot;;&quot;1&quot;;&quot;300000.00&quot;;&quot;3&quot;;&quot;Neutral Effect&quot;;&quot;One or Two Years&quot;;&quot;Deceased&quot;;&quot;4&quot;;&quot;1&quot;;;&quot;2016-05-05&quot;;&quot;0&quot;;&quot;572bd4bc52bc8&quot;;&quot;2016-05-05&quot;;&quot;y&quot;;;&quot;163&quot;
&quot;Bob&quot;;&quot;Burger&quot;;&quot;Lindsay&quot;;&quot;Burton&quot;;&quot;Tina&quot;;&quot;Tina&quot;;&quot;StepParent&quot;;&quot;3&quot;;&quot;400000.00&quot;;&quot;2&quot;;&quot;Negative Effect&quot;;&quot;Months&quot;;&quot;Monthly&quot;;&quot;10&quot;;&quot;8&quot;;;&quot;2016-05-05&quot;;&quot;1&quot;;&quot;572bd4bc52bc8&quot;;&quot;2016-05-05&quot;;&quot;n&quot;;;&quot;164&quot;
&quot;Bob&quot;;&quot;Burger&quot;;&quot;Lindsay&quot;;&quot;Burton&quot;;&quot;Linda&quot;;&quot;Linda&quot;;&quot;StepChild&quot;;&quot;1&quot;;&quot;300000.00&quot;;&quot;3&quot;;&quot;Slightly Positive Effect&quot;;&quot;Two to Five Years&quot;;&quot;Monthly&quot;;&quot;4&quot;;&quot;1&quot;;;&quot;2016-05-05&quot;;&quot;0&quot;;&quot;572bf0cd0d3ed&quot;;&quot;2016-05-05&quot;;&quot;n&quot;;;&quot;165&quot;
&quot;Bob&quot;;&quot;Burger&quot;;&quot;Lindsay&quot;;&quot;Burton&quot;;&quot;Tina&quot;;&quot;Tina&quot;;&quot;Aquaintance&quot;;&quot;1&quot;;&quot;200000.00&quot;;&quot;1&quot;;&quot;Very Positive Effect&quot;;&quot;Weeks&quot;;&quot;Daily&quot;;&quot;4&quot;;&quot;3&quot;;;&quot;2016-05-05&quot;;&quot;1&quot;;&quot;572bf0cd0d3ed&quot;;&quot;2016-05-05&quot;;&quot;n&quot;;;&quot;166&quot;
&quot;Bob&quot;;&quot;Burger&quot;;&quot;Lindsay&quot;;&quot;Burton&quot;;&quot;Louise&quot;;&quot;Louise&quot;;&quot;Former Spouse&quot;;&quot;2&quot;;&quot;300000.00&quot;;&quot;3&quot;;&quot;Neutral Effect&quot;;&quot;Two to Five Years&quot;;&quot;Monthly&quot;;&quot;7&quot;;&quot;4&quot;;;&quot;2016-05-05&quot;;&quot;2&quot;;&quot;572bf0cd0d3ed&quot;;&quot;2016-05-05&quot;;&quot;n&quot;;;&quot;167&quot;
&quot;Bob&quot;;&quot;Burger&quot;;&quot;Lindsay&quot;;&quot;Burton&quot;;&quot;Gene&quot;;&quot;Gene&quot;;&quot;Sibling&quot;;&quot;1&quot;;&quot;400000.00&quot;;&quot;3&quot;;&quot;Neutral Effect&quot;;&quot;Two to Five Years&quot;;&quot;Monthly&quot;;&quot;4&quot;;&quot;1&quot;;;&quot;2016-05-05&quot;;&quot;3&quot;;&quot;572bf0cd0d3ed&quot;;&quot;2016-05-05&quot;;&quot;n&quot;;;&quot;168&quot;
&quot;Bob&quot;;&quot;Burger&quot;;&quot;Lindsay&quot;;&quot;Burton&quot;;&quot;Teddy&quot;;;&quot;Former Partner&quot;;&quot;1&quot;;&quot;300000.00&quot;;&quot;2&quot;;&quot;Slightly Positive Effect&quot;;&quot;Two to Five Years&quot;;&quot;Monthly&quot;;&quot;4&quot;;&quot;2&quot;;;&quot;2016-05-05&quot;;&quot;4&quot;;&quot;572bf0cd0d3ed&quot;;&quot;2016-05-05&quot;;&quot;n&quot;;;&quot;169&quot;
&quot;Bob&quot;;&quot;Burger&quot;;&quot;Lindsay&quot;;&quot;Burton&quot;;&quot;Tammy&quot;;;&quot;Friend&quot;;&quot;3&quot;;&quot;200000.00&quot;;&quot;1&quot;;&quot;Very Positive Effect&quot;;&quot;Two to Five Years&quot;;&quot;Monthly&quot;;&quot;10&quot;;&quot;9&quot;;;&quot;2016-05-05&quot;;&quot;5&quot;;&quot;572bf0cd0d3ed&quot;;&quot;2016-05-05&quot;;&quot;n&quot;;;&quot;170&quot;
&quot;Bob&quot;;&quot;Burger&quot;;&quot;Lindsay&quot;;&quot;Burton&quot;;&quot;Andy&quot;;;&quot;Influence&quot;;&quot;3&quot;;&quot;400000.00&quot;;&quot;3&quot;;&quot;Very Positive Effect&quot;;&quot;Five to Ten Years&quot;;&quot;Former&quot;;&quot;10&quot;;&quot;7&quot;;;&quot;2016-05-05&quot;;&quot;6&quot;;&quot;572bf0cd0d3ed&quot;;&quot;2016-05-05&quot;;&quot;n&quot;;;&quot;171&quot;
&quot;Bob&quot;;&quot;Burger&quot;;&quot;Lindsay&quot;;&quot;Burton&quot;;&quot;Ollie&quot;;;&quot;StepParent&quot;;&quot;1&quot;;&quot;300000.00&quot;;&quot;1&quot;;&quot;Negative Effect&quot;;&quot;Months&quot;;&quot;Monthly&quot;;&quot;4&quot;;&quot;3&quot;;;&quot;2016-05-05&quot;;&quot;7&quot;;&quot;572bf0cd0d3ed&quot;;&quot;2016-05-05&quot;;&quot;n&quot;;;&quot;172&quot;
&quot;Bob&quot;;&quot;Burger&quot;;&quot;Lindsay&quot;;&quot;Burton&quot;;&quot;Jimmy&quot;;;&quot;Neighbor&quot;;&quot;2&quot;;&quot;400000.00&quot;;&quot;3&quot;;&quot;Neutral Effect&quot;;&quot;Five to Ten Years&quot;;&quot;Weekly&quot;;&quot;7&quot;;&quot;4&quot;;;&quot;2016-05-05&quot;;&quot;8&quot;;&quot;572bf0cd0d3ed&quot;;&quot;2016-05-05&quot;;&quot;n&quot;;;&quot;173&quot;
&quot;Bob&quot;;&quot;Burger&quot;;&quot;Lindsay&quot;;&quot;Burton&quot;;&quot;Jeff&quot;;;&quot;Neighbor&quot;;&quot;3&quot;;&quot;400000.00&quot;;&quot;1&quot;;&quot;Slightly Negative Effect&quot;;&quot;Months&quot;;&quot;Weekly&quot;;&quot;10&quot;;&quot;9&quot;;;&quot;2016-05-05&quot;;&quot;9&quot;;&quot;572bf0cd0d3ed&quot;;&quot;2016-05-05&quot;;&quot;n&quot;;;&quot;174&quot;
&quot;Bob&quot;;&quot;Burger&quot;;&quot;Lindsay&quot;;&quot;Burton&quot;;&quot;Jerry&quot;;;&quot;Other Relative&quot;;&quot;1&quot;;&quot;400000.00&quot;;&quot;2&quot;;&quot;Negative Effect&quot;;&quot;Weeks&quot;;&quot;Weekly&quot;;&quot;4&quot;;&quot;2&quot;;;&quot;2016-05-05&quot;;&quot;10&quot;;&quot;572bf0cd0d3ed&quot;;&quot;2016-05-05&quot;;&quot;n&quot;;;&quot;175&quot;
&quot;Bob&quot;;&quot;Burger&quot;;&quot;Lindsay&quot;;&quot;Burton&quot;;&quot;Junior&quot;;;&quot;Pet&quot;;&quot;1&quot;;&quot;400000.00&quot;;&quot;2&quot;;&quot;Extremely Positive Effect&quot;;&quot;Months&quot;;&quot;Former&quot;;&quot;4&quot;;&quot;2&quot;;;&quot;2016-05-05&quot;;&quot;11&quot;;&quot;572bf0cd0d3ed&quot;;&quot;2016-05-05&quot;;&quot;n&quot;;;&quot;176&quot;
&quot;Bob&quot;;&quot;Burger&quot;;&quot;Lindsay&quot;;&quot;Burton&quot;;&quot;Louise&quot;;;&quot;Parent&quot;;&quot;2&quot;;&quot;400000.00&quot;;&quot;2&quot;;&quot;Extremely Positive Effect&quot;;&quot;Five to Ten Years&quot;;&quot;Monthly&quot;;&quot;7&quot;;&quot;5&quot;;;&quot;2016-05-05&quot;;&quot;0&quot;;&quot;572c14b5ca5d9&quot;;&quot;2016-05-05&quot;;&quot;n&quot;;;&quot;177&quot;
&quot;Bob&quot;;&quot;Burger&quot;;&quot;Lindsay&quot;;&quot;Burton&quot;;&quot;Gene&quot;;;&quot;Deceased Relative&quot;;&quot;3&quot;;&quot;200000.00&quot;;&quot;2&quot;;&quot;Positive Effect&quot;;&quot;Weeks&quot;;&quot;Daily&quot;;&quot;10&quot;;&quot;8&quot;;;&quot;2016-05-05&quot;;&quot;1&quot;;&quot;572c14b5ca5d9&quot;;&quot;2016-05-05&quot;;&quot;n&quot;;;&quot;178&quot;
&quot;Bob&quot;;&quot;Burger&quot;;&quot;Lindsay&quot;;&quot;Burton&quot;;&quot;Linda&quot;;;&quot;Aquaintance&quot;;&quot;1&quot;;&quot;300000.00&quot;;&quot;3&quot;;&quot;Negative Effect&quot;;&quot;Months&quot;;&quot;Weekly&quot;;&quot;4&quot;;&quot;1&quot;;;&quot;2016-05-05&quot;;&quot;2&quot;;&quot;572c14b5ca5d9&quot;;&quot;2016-05-05&quot;;&quot;n&quot;;;&quot;179&quot;
&quot;Bob&quot;;&quot;Burger&quot;;&quot;Lindsay&quot;;&quot;Burton&quot;;&quot;Tina&quot;;;&quot;Deceased Relative&quot;;&quot;1&quot;;&quot;300000.00&quot;;&quot;3&quot;;&quot;Extremely Positive Effect&quot;;&quot;Months&quot;;&quot;Daily&quot;;&quot;4&quot;;&quot;1&quot;;;&quot;2016-05-05&quot;;&quot;3&quot;;&quot;572c14b5ca5d9&quot;;&quot;2016-05-05&quot;;&quot;n&quot;;;&quot;180&quot;
&quot;Bob&quot;;&quot;Burger&quot;;&quot;Lindsay&quot;;&quot;Burton&quot;;&quot;Linda&quot;;&quot;Linda&quot;;&quot;Aquaintance&quot;;&quot;2&quot;;&quot;300000.00&quot;;&quot;2&quot;;&quot;Very Positive Effect&quot;;&quot;Two to Five Years&quot;;&quot;Yearly&quot;;&quot;7&quot;;&quot;5&quot;;;&quot;2016-05-05&quot;;&quot;0&quot;;&quot;572c16eb7e3bc&quot;;&quot;2016-05-05&quot;;&quot;n&quot;;;&quot;181&quot;
&quot;Bob&quot;;&quot;Burger&quot;;&quot;Lindsay&quot;;&quot;Burton&quot;;&quot;Gene&quot;;&quot;Gene&quot;;&quot;Deceased Relative&quot;;&quot;1&quot;;&quot;300000.00&quot;;&quot;3&quot;;&quot;Very Positive Effect&quot;;&quot;Two to Five Years&quot;;&quot;Weekly&quot;;&quot;4&quot;;&quot;1&quot;;;&quot;2016-05-05&quot;;&quot;1&quot;;&quot;572c16eb7e3bc&quot;;&quot;2016-05-05&quot;;&quot;n&quot;;;&quot;182&quot;
&quot;Bob&quot;;&quot;Burger&quot;;&quot;Lindsay&quot;;&quot;Burton&quot;;&quot;Teddy&quot;;&quot;Teddy&quot;;&quot;Aquaintance&quot;;&quot;2&quot;;&quot;300000.00&quot;;&quot;2&quot;;&quot;Positive Effect&quot;;&quot;Five to Ten Years&quot;;&quot;Infrequently&quot;;&quot;7&quot;;&quot;5&quot;;;&quot;2016-05-05&quot;;&quot;2&quot;;&quot;572c16eb7e3bc&quot;;&quot;2016-05-05&quot;;&quot;n&quot;;;&quot;183&quot;
&quot;Bob&quot;;&quot;Burger&quot;;&quot;Lindsay&quot;;&quot;Burton&quot;;&quot;Louise&quot;;&quot;Louise&quot;;&quot;Former Spouse&quot;;&quot;2&quot;;&quot;400000.00&quot;;&quot;2&quot;;&quot;Positive Effect&quot;;&quot;One or Two Years&quot;;&quot;Monthly&quot;;&quot;7&quot;;&quot;5&quot;;;&quot;2016-05-05&quot;;&quot;3&quot;;&quot;572c16eb7e3bc&quot;;&quot;2016-05-05&quot;;&quot;n&quot;;;&quot;184&quot;
&quot;Bob&quot;;&quot;Burger&quot;;&quot;Lindsay&quot;;&quot;Burton&quot;;&quot;Tina&quot;;&quot;Tina&quot;;&quot;Sibling&quot;;&quot;1&quot;;&quot;400000.00&quot;;&quot;3&quot;;&quot;Very Positive Effect&quot;;&quot;More than Ten Years&quot;;&quot;Infrequently&quot;;&quot;4&quot;;&quot;1&quot;;;&quot;2016-05-05&quot;;&quot;4&quot;;&quot;572c16eb7e3bc&quot;;&quot;2016-05-05&quot;;&quot;n&quot;;;&quot;185&quot;
&quot;Bob&quot;;&quot;Burger&quot;;&quot;Lindsay&quot;;&quot;Burton&quot;;&quot;Louise&quot;;&quot;Louise&quot;;&quot;Parent&quot;;&quot;2&quot;;&quot;400000.00&quot;;&quot;2&quot;;&quot;Positive Effect&quot;;&quot;Five to Ten Years&quot;;&quot;Weekly&quot;;&quot;7&quot;;&quot;5&quot;;;&quot;2016-05-05&quot;;&quot;0&quot;;&quot;572c234b282e3&quot;;&quot;2016-05-05&quot;;&quot;n&quot;;;&quot;186&quot;
&quot;Bob&quot;;&quot;Burger&quot;;&quot;Lindsay&quot;;&quot;Burton&quot;;&quot;Tina&quot;;&quot;Tina&quot;;&quot;Aquaintance&quot;;&quot;3&quot;;&quot;200000.00&quot;;&quot;3&quot;;&quot;Slightly Positive Effect&quot;;&quot;Five to Ten Years&quot;;&quot;Monthly&quot;;&quot;10&quot;;&quot;7&quot;;;&quot;2016-05-05&quot;;&quot;1&quot;;&quot;572c234b282e3&quot;;&quot;2016-05-05&quot;;&quot;n&quot;;;&quot;187&quot;
&quot;Bob&quot;;&quot;Burger&quot;;&quot;Lindsay&quot;;&quot;Burton&quot;;&quot;Louise&quot;;&quot;Louise&quot;;&quot;Other Relative&quot;;&quot;2&quot;;&quot;300000.00&quot;;&quot;3&quot;;&quot;Slightly Positive Effect&quot;;&quot;Two to Five Years&quot;;&quot;Monthly&quot;;&quot;7&quot;;&quot;4&quot;;;&quot;2016-05-05&quot;;&quot;0&quot;;&quot;572c384773d3f&quot;;&quot;2016-05-05&quot;;&quot;n&quot;;;&quot;188&quot;
&quot;Bob&quot;;&quot;Burger&quot;;&quot;Lindsay&quot;;&quot;Burton&quot;;&quot;Linda&quot;;&quot;Linda&quot;;&quot;Boss&quot;;&quot;2&quot;;&quot;300000.00&quot;;&quot;1&quot;;&quot;Positive Effect&quot;;&quot;Five to Ten Years&quot;;&quot;Monthly&quot;;&quot;7&quot;;&quot;6&quot;;;&quot;2016-05-05&quot;;&quot;1&quot;;&quot;572c384773d3f&quot;;&quot;2016-05-05&quot;;&quot;n&quot;;;&quot;189&quot;
&quot;Bob&quot;;&quot;Burger&quot;;&quot;Lindsay&quot;;&quot;Burton&quot;;&quot;Tina&quot;;&quot;Tina&quot;;&quot;Partner&quot;;&quot;2&quot;;&quot;400000.00&quot;;&quot;1&quot;;&quot;Positive Effect&quot;;&quot;Five to Ten Years&quot;;&quot;Weekly&quot;;&quot;7&quot;;&quot;6&quot;;;&quot;2016-05-05&quot;;&quot;2&quot;;&quot;572c384773d3f&quot;;&quot;2016-05-05&quot;;&quot;n&quot;;;&quot;190&quot;
&quot;Bob&quot;;&quot;Burger&quot;;&quot;Lindsay&quot;;&quot;Burton&quot;;&quot;Gene&quot;;&quot;Gene&quot;;&quot;Aquaintance&quot;;&quot;2&quot;;&quot;400000.00&quot;;&quot;2&quot;;&quot;Very Positive Effect&quot;;&quot;Months&quot;;&quot;Monthly&quot;;&quot;7&quot;;&quot;5&quot;;;&quot;2016-05-05&quot;;&quot;3&quot;;&quot;572c384773d3f&quot;;&quot;2016-05-05&quot;;&quot;n&quot;;;&quot;191&quot;
&quot;Bob&quot;;&quot;Burger&quot;;&quot;Lindsay&quot;;&quot;Burton&quot;;&quot;Teddy&quot;;&quot;Teddy&quot;;&quot;Coworker&quot;;&quot;1&quot;;&quot;400000.00&quot;;&quot;3&quot;;&quot;Positive Effect&quot;;&quot;Five to Ten Years&quot;;&quot;Monthly&quot;;&quot;4&quot;;&quot;1&quot;;;&quot;2016-05-05&quot;;&quot;4&quot;;&quot;572c384773d3f&quot;;&quot;2016-05-05&quot;;&quot;n&quot;;;&quot;192&quot;
&quot;Bob&quot;;&quot;Burger&quot;;&quot;Lindsay&quot;;&quot;Burton&quot;;&quot;Tammy&quot;;&quot;Tammy&quot;;&quot;Neighbor&quot;;&quot;2&quot;;&quot;300000.00&quot;;&quot;3&quot;;&quot;Positive Effect&quot;;&quot;Five to Ten Years&quot;;&quot;Daily&quot;;&quot;7&quot;;&quot;4&quot;;;&quot;2016-05-05&quot;;&quot;5&quot;;&quot;572c384773d3f&quot;;&quot;2016-05-05&quot;;&quot;n&quot;;;&quot;193&quot;
&quot;Bob&quot;;&quot;Burger&quot;;&quot;Lindsay&quot;;&quot;Burton&quot;;&quot;Jimmy&quot;;&quot;Jimmy&quot;;&quot;Coworker&quot;;&quot;2&quot;;&quot;300000.00&quot;;&quot;3&quot;;&quot;Positive Effect&quot;;&quot;One or Two Years&quot;;&quot;Monthly&quot;;&quot;7&quot;;&quot;4&quot;;;&quot;2016-05-05&quot;;&quot;6&quot;;&quot;572c384773d3f&quot;;&quot;2016-05-05&quot;;&quot;n&quot;;;&quot;194&quot;
&quot;Bob&quot;;&quot;Burger&quot;;&quot;Lindsay&quot;;&quot;Burton&quot;;&quot;Jeff&quot;;&quot;Jeff&quot;;&quot;Spouse&quot;;&quot;2&quot;;&quot;400000.00&quot;;&quot;2&quot;;&quot;Positive Effect&quot;;&quot;More than Ten Years&quot;;&quot;Monthly&quot;;&quot;7&quot;;&quot;5&quot;;;&quot;2016-05-05&quot;;&quot;7&quot;;&quot;572c384773d3f&quot;;&quot;2016-05-05&quot;;&quot;n&quot;;;&quot;195&quot;
&quot;Bob&quot;;&quot;Burger&quot;;&quot;Lindsay&quot;;&quot;Burton&quot;;&quot;Junior&quot;;&quot;Junior&quot;;&quot;Sibling&quot;;&quot;1&quot;;&quot;300000.00&quot;;&quot;2&quot;;&quot;Slightly Positive Effect&quot;;&quot;One or Two Years&quot;;&quot;Daily&quot;;&quot;4&quot;;&quot;2&quot;;;&quot;2016-05-05&quot;;&quot;8&quot;;&quot;572c384773d3f&quot;;&quot;2016-05-05&quot;;&quot;n&quot;;;&quot;196&quot;
&quot;Bob&quot;;&quot;Burger&quot;;&quot;Lindsay&quot;;&quot;Burton&quot;;&quot;Anne&quot;;&quot;Anne&quot;;&quot;Friend&quot;;&quot;2&quot;;&quot;200000.00&quot;;&quot;3&quot;;&quot;Slightly Positive Effect&quot;;&quot;More than Ten Years&quot;;&quot;Weekly&quot;;&quot;7&quot;;&quot;4&quot;;;&quot;2016-05-05&quot;;&quot;9&quot;;&quot;572c384773d3f&quot;;&quot;2016-05-05&quot;;&quot;n&quot;;;&quot;197&quot;
&quot;Bob&quot;;&quot;Burger&quot;;&quot;Lindsay&quot;;&quot;Burton&quot;;&quot;Kristi&quot;;&quot;Kristi&quot;;&quot;Former Partner&quot;;&quot;2&quot;;&quot;300000.00&quot;;&quot;3&quot;;&quot;Very Positive Effect&quot;;&quot;Five to Ten Years&quot;;&quot;Weekly&quot;;&quot;7&quot;;&quot;4&quot;;;&quot;2016-05-05&quot;;&quot;10&quot;;&quot;572c384773d3f&quot;;&quot;2016-05-05&quot;;&quot;n&quot;;;&quot;198&quot;
&quot;Bob&quot;;&quot;Burger&quot;;&quot;Lindsay&quot;;&quot;Burton&quot;;&quot;Dan&quot;;&quot;Dan&quot;;&quot;StepChild&quot;;&quot;2&quot;;&quot;300000.00&quot;;&quot;2&quot;;&quot;Very Negative Effect&quot;;&quot;Two to Five Years&quot;;&quot;Weekly&quot;;&quot;7&quot;;&quot;5&quot;;;&quot;2016-05-05&quot;;&quot;11&quot;;&quot;572c384773d3f&quot;;&quot;2016-05-05&quot;;&quot;n&quot;;;&quot;199&quot;
&quot;Bob&quot;;&quot;Burger&quot;;&quot;Lindsay&quot;;&quot;Burton&quot;;&quot;Brad&quot;;&quot;Brad&quot;;&quot;Neighbor&quot;;&quot;2&quot;;&quot;200000.00&quot;;&quot;2&quot;;&quot;Slightly Negative Effect&quot;;&quot;Five to Ten Years&quot;;&quot;Weekly&quot;;&quot;7&quot;;&quot;5&quot;;;&quot;2016-05-05&quot;;&quot;12&quot;;&quot;572c384773d3f&quot;;&quot;2016-05-05&quot;;&quot;n&quot;;;&quot;200&quot;
&quot;Bob&quot;;&quot;Burger&quot;;&quot;Lindsay&quot;;&quot;Burton&quot;;&quot;Spencer&quot;;&quot;Spencer&quot;;&quot;Partner&quot;;&quot;2&quot;;&quot;300000.00&quot;;&quot;1&quot;;&quot;Slightly Positive Effect&quot;;&quot;Five to Ten Years&quot;;&quot;Weekly&quot;;&quot;7&quot;;&quot;6&quot;;;&quot;2016-05-05&quot;;&quot;13&quot;;&quot;572c384773d3f&quot;;&quot;2016-05-05&quot;;&quot;n&quot;;;&quot;201&quot;
&quot;Bob&quot;;&quot;Burger&quot;;&quot;Lindsay&quot;;&quot;Burton&quot;;&quot;Brenda&quot;;&quot;Brenda&quot;;&quot;Neighbor&quot;;&quot;2&quot;;&quot;200000.00&quot;;&quot;3&quot;;&quot;Slightly Positive Effect&quot;;&quot;Two to Five Years&quot;;&quot;Yearly&quot;;&quot;7&quot;;&quot;4&quot;;;&quot;2016-05-05&quot;;&quot;14&quot;;&quot;572c384773d3f&quot;;&quot;2016-05-05&quot;;&quot;n&quot;;;&quot;202&quot;
&quot;Bob&quot;;&quot;Burger&quot;;&quot;Lindsay&quot;;&quot;Burton&quot;;&quot;Linda&quot;;&quot;Linda&quot;;&quot;Deceased Relative&quot;;&quot;2&quot;;&quot;400000.00&quot;;&quot;2&quot;;&quot;Positive Effect&quot;;&quot;Months&quot;;&quot;Yearly&quot;;&quot;7&quot;;&quot;5&quot;;;&quot;2016-05-05&quot;;&quot;0&quot;;&quot;572c6b4946103&quot;;&quot;2016-05-05&quot;;&quot;n&quot;;;&quot;203&quot;
&quot;Bob&quot;;&quot;Burger&quot;;&quot;Lindsay&quot;;&quot;Burton&quot;;&quot;Louise&quot;;&quot;Louise&quot;;&quot;Coworker&quot;;&quot;2&quot;;&quot;200000.00&quot;;&quot;1&quot;;&quot;Positive Effect&quot;;&quot;Two to Five Years&quot;;&quot;Yearly&quot;;&quot;7&quot;;&quot;6&quot;;;&quot;2016-05-05&quot;;&quot;1&quot;;&quot;572c6b4946103&quot;;&quot;2016-05-05&quot;;&quot;n&quot;;;&quot;204&quot;
&quot;Bob&quot;;&quot;Burger&quot;;&quot;Lindsay&quot;;&quot;Burton&quot;;&quot;Tina&quot;;&quot;Tina&quot;;&quot;Coworker&quot;;&quot;2&quot;;&quot;400000.00&quot;;&quot;2&quot;;&quot;Very Positive Effect&quot;;&quot;Two to Five Years&quot;;&quot;Daily&quot;;&quot;7&quot;;&quot;5&quot;;;&quot;2016-05-05&quot;;&quot;2&quot;;&quot;572c6b4946103&quot;;&quot;2016-05-05&quot;;&quot;n&quot;;;&quot;205&quot;
&quot;Bob&quot;;&quot;Burger&quot;;&quot;Lindsay&quot;;&quot;Burton&quot;;&quot;Gene&quot;;&quot;Gene&quot;;&quot;Partner&quot;;&quot;1&quot;;&quot;400000.00&quot;;&quot;3&quot;;&quot;Very Positive Effect&quot;;&quot;Five to Ten Years&quot;;&quot;Daily&quot;;&quot;4&quot;;&quot;1&quot;;;&quot;2016-05-05&quot;;&quot;3&quot;;&quot;572c6b4946103&quot;;&quot;2016-05-05&quot;;&quot;n&quot;;;&quot;206&quot;
&quot;Bob&quot;;&quot;Burger&quot;;&quot;Lindsay&quot;;&quot;Burton&quot;;&quot;Teddy&quot;;&quot;Teddy&quot;;&quot;Deceased Relative&quot;;&quot;1&quot;;&quot;300000.00&quot;;&quot;2&quot;;&quot;Slightly Negative Effect&quot;;&quot;Months&quot;;&quot;Weekly&quot;;&quot;4&quot;;&quot;2&quot;;;&quot;2016-05-05&quot;;&quot;4&quot;;&quot;572c6b4946103&quot;;&quot;2016-05-05&quot;;&quot;n&quot;;;&quot;207&quot;
&quot;Bob&quot;;&quot;Burger&quot;;&quot;Lindsay&quot;;&quot;Burton&quot;;&quot;Linda&quot;;&quot;Linda&quot;;&quot;StepParent&quot;;&quot;2&quot;;&quot;400000.00&quot;;&quot;2&quot;;&quot;Neutral Effect&quot;;&quot;One or Two Years&quot;;&quot;Daily&quot;;&quot;7&quot;;&quot;5&quot;;;&quot;2016-05-05&quot;;&quot;0&quot;;&quot;572c6c560579d&quot;;&quot;2016-05-05&quot;;&quot;n&quot;;;&quot;208&quot;
&quot;Bob&quot;;&quot;Burger&quot;;&quot;Lindsay&quot;;&quot;Burton&quot;;&quot;Tina&quot;;&quot;Tina&quot;;&quot;Aquaintance&quot;;&quot;2&quot;;&quot;300000.00&quot;;&quot;2&quot;;&quot;Very Negative Effect&quot;;&quot;Two to Five Years&quot;;&quot;Weekly&quot;;&quot;7&quot;;&quot;5&quot;;;&quot;2016-05-05&quot;;&quot;1&quot;;&quot;572c6c560579d&quot;;&quot;2016-05-05&quot;;&quot;n&quot;;;&quot;209&quot;
&quot;Bob&quot;;&quot;Burger&quot;;&quot;Lindsay&quot;;&quot;Burton&quot;;&quot;Linda&quot;;&quot;Linda&quot;;&quot;Other Relative&quot;;&quot;2&quot;;&quot;200000.00&quot;;&quot;3&quot;;&quot;Neutral Effect&quot;;&quot;One or Two Years&quot;;&quot;Daily&quot;;&quot;7&quot;;&quot;4&quot;;;&quot;2016-05-06&quot;;&quot;0&quot;;&quot;572c6caadd801&quot;;&quot;2016-05-06&quot;;&quot;n&quot;;;&quot;210&quot;
&quot;Bob&quot;;&quot;Burger&quot;;&quot;Lindsay&quot;;&quot;Burton&quot;;&quot;Tina&quot;;&quot;Tina&quot;;&quot;Neighbor&quot;;&quot;3&quot;;&quot;300000.00&quot;;&quot;2&quot;;&quot;Positive Effect&quot;;&quot;Months&quot;;&quot;Daily&quot;;&quot;10&quot;;&quot;8&quot;;;&quot;2016-05-06&quot;;&quot;1&quot;;&quot;572c6caadd801&quot;;&quot;2016-05-06&quot;;&quot;n&quot;;;&quot;211&quot;
&quot;Bob&quot;;&quot;Burger&quot;;&quot;Lindsay&quot;;&quot;Burton&quot;;&quot;Louise&quot;;&quot;Louise&quot;;&quot;Sibling&quot;;&quot;2&quot;;&quot;200000.00&quot;;&quot;2&quot;;&quot;Neutral Effect&quot;;&quot;Two to Five Years&quot;;&quot;Daily&quot;;&quot;7&quot;;&quot;5&quot;;;&quot;2016-05-06&quot;;&quot;2&quot;;&quot;572c6caadd801&quot;;&quot;2016-05-06&quot;;&quot;n&quot;;;&quot;212&quot;
&quot;Bob&quot;;&quot;Burger&quot;;&quot;Lindsay&quot;;&quot;Burton&quot;;&quot;Gene&quot;;&quot;Gene&quot;;&quot;Friend&quot;;&quot;2&quot;;&quot;300000.00&quot;;&quot;2&quot;;&quot;Neutral Effect&quot;;&quot;Two to Five Years&quot;;&quot;Daily&quot;;&quot;7&quot;;&quot;5&quot;;;&quot;2016-05-06&quot;;&quot;3&quot;;&quot;572c6caadd801&quot;;&quot;2016-05-06&quot;;&quot;n&quot;;;&quot;213&quot;
&quot;Bob&quot;;&quot;Burger&quot;;&quot;Lindsay&quot;;&quot;Burton&quot;;&quot;Teddy&quot;;&quot;Teddy&quot;;&quot;Former Partner&quot;;&quot;1&quot;;&quot;200000.00&quot;;&quot;2&quot;;&quot;Neutral Effect&quot;;&quot;Two to Five Years&quot;;&quot;Yearly&quot;;&quot;4&quot;;&quot;2&quot;;;&quot;2016-05-06&quot;;&quot;4&quot;;&quot;572c6caadd801&quot;;&quot;2016-05-06&quot;;&quot;n&quot;;;&quot;214&quot;
&quot;Kathy&quot;;&quot;Fugate&quot;;;;&quot;Kevin&quot;;&quot;Kevin&quot;;&quot;Spouse&quot;;&quot;1&quot;;&quot;400000.00&quot;;&quot;3&quot;;&quot;Positive Effect&quot;;&quot;More than Ten Years&quot;;&quot;Daily&quot;;&quot;4&quot;;&quot;1&quot;;&quot;Husband&quot;;&quot;2016-05-07&quot;;&quot;0&quot;;&quot;572ea6576ecef&quot;;&quot;2016-05-07&quot;;&quot;n&quot;;;&quot;215&quot;
&quot;Kathy&quot;;&quot;Fugate&quot;;;;&quot;Ashley&quot;;&quot;Ashley&quot;;&quot;Child&quot;;&quot;1&quot;;&quot;400000.00&quot;;&quot;3&quot;;&quot;Very Positive Effect&quot;;&quot;More than Ten Years&quot;;&quot;Daily&quot;;&quot;4&quot;;&quot;1&quot;;;&quot;2016-05-07&quot;;&quot;1&quot;;&quot;572ea6576ecef&quot;;&quot;2016-05-07&quot;;&quot;n&quot;;;&quot;216&quot;
&quot;Kathy&quot;;&quot;Fugate&quot;;;;&quot;Olivia&quot;;&quot;Olivia&quot;;&quot;Child&quot;;&quot;1&quot;;&quot;400000.00&quot;;&quot;3&quot;;&quot;Very Positive Effect&quot;;&quot;More than Ten Years&quot;;&quot;Daily&quot;;&quot;4&quot;;&quot;1&quot;;;&quot;2016-05-07&quot;;&quot;2&quot;;&quot;572ea6576ecef&quot;;&quot;2016-05-07&quot;;&quot;n&quot;;;&quot;217&quot;
&quot;Kathy&quot;;&quot;Fugate&quot;;;;&quot;Aaron&quot;;&quot;Aaron&quot;;&quot;Child&quot;;&quot;1&quot;;&quot;400000.00&quot;;&quot;3&quot;;&quot;Very Positive Effect&quot;;&quot;More than Ten Years&quot;;&quot;Daily&quot;;&quot;4&quot;;&quot;1&quot;;;&quot;2016-05-07&quot;;&quot;3&quot;;&quot;572ea6576ecef&quot;;&quot;2016-05-07&quot;;&quot;n&quot;;;&quot;218&quot;
&quot;Kathy&quot;;&quot;Fugate&quot;;;;&quot;Pat&quot;;&quot;Pat&quot;;&quot;Parent&quot;;&quot;1&quot;;&quot;400000.00&quot;;&quot;3&quot;;&quot;Neutral Effect&quot;;&quot;More than Ten Years&quot;;&quot;Daily&quot;;&quot;4&quot;;&quot;1&quot;;;&quot;2016-05-07&quot;;&quot;4&quot;;&quot;572ea6576ecef&quot;;&quot;2016-05-07&quot;;&quot;n&quot;;;&quot;219&quot;
&quot;Kathy&quot;;&quot;Fugate&quot;;;;&quot;Mike&quot;;&quot;Mike&quot;;&quot;Sibling&quot;;&quot;2&quot;;&quot;300000.00&quot;;&quot;2&quot;;&quot;Neutral Effect&quot;;&quot;More than Ten Years&quot;;&quot;Yearly&quot;;&quot;7&quot;;&quot;5&quot;;;&quot;2016-05-07&quot;;&quot;5&quot;;&quot;572ea6576ecef&quot;;&quot;2016-05-07&quot;;&quot;n&quot;;;&quot;220&quot;
&quot;Kathy&quot;;&quot;Fugate&quot;;;;&quot;Dave&quot;;&quot;Dave&quot;;&quot;Sibling&quot;;&quot;2&quot;;&quot;300000.00&quot;;&quot;2&quot;;&quot;Neutral Effect&quot;;&quot;More than Ten Years&quot;;&quot;Monthly&quot;;&quot;7&quot;;&quot;5&quot;;;&quot;2016-05-07&quot;;&quot;6&quot;;&quot;572ea6576ecef&quot;;&quot;2016-05-07&quot;;&quot;n&quot;;;&quot;221&quot;
&quot;Kathy&quot;;&quot;Fugate&quot;;;;&quot;Dan&quot;;&quot;Dan&quot;;&quot;Sibling&quot;;&quot;2&quot;;&quot;300000.00&quot;;&quot;2&quot;;&quot;Neutral Effect&quot;;&quot;More than Ten Years&quot;;&quot;Monthly&quot;;&quot;7&quot;;&quot;5&quot;;;&quot;2016-05-07&quot;;&quot;7&quot;;&quot;572ea6576ecef&quot;;&quot;2016-05-07&quot;;&quot;n&quot;;;&quot;222&quot;
&quot;Kathy&quot;;&quot;Fugate&quot;;;;&quot;Darlene&quot;;&quot;Darlene&quot;;&quot;Other Relative&quot;;&quot;2&quot;;&quot;300000.00&quot;;&quot;2&quot;;&quot;Slightly Negative Effect&quot;;&quot;More than Ten Years&quot;;&quot;Daily&quot;;&quot;7&quot;;&quot;5&quot;;;&quot;2016-05-07&quot;;&quot;8&quot;;&quot;572ea6576ecef&quot;;&quot;2016-05-07&quot;;&quot;n&quot;;;&quot;223&quot;
&quot;Kathy&quot;;&quot;Fugate&quot;;;;&quot;Hope&quot;;&quot;Hope&quot;;&quot;Other Relative&quot;;&quot;2&quot;;&quot;300000.00&quot;;&quot;2&quot;;&quot;Neutral Effect&quot;;&quot;More than Ten Years&quot;;&quot;Monthly&quot;;&quot;7&quot;;&quot;5&quot;;;&quot;2016-05-07&quot;;&quot;9&quot;;&quot;572ea6576ecef&quot;;&quot;2016-05-07&quot;;&quot;n&quot;;;&quot;224&quot;
&quot;Kathy&quot;;&quot;Fugate&quot;;;;&quot;Mike&quot;;&quot;Mike&quot;;&quot;Other Relative&quot;;&quot;2&quot;;&quot;300000.00&quot;;&quot;2&quot;;&quot;Neutral Effect&quot;;&quot;More than Ten Years&quot;;&quot;Yearly&quot;;&quot;7&quot;;&quot;5&quot;;;&quot;2016-05-07&quot;;&quot;10&quot;;&quot;572ea6576ecef&quot;;&quot;2016-05-07&quot;;&quot;n&quot;;;&quot;225&quot;
&quot;Kathy&quot;;&quot;Fugate&quot;;;;&quot;Norm&quot;;&quot;Norm&quot;;&quot;Other Relative&quot;;&quot;2&quot;;&quot;300000.00&quot;;&quot;2&quot;;&quot;Slightly Negative Effect&quot;;&quot;More than Ten Years&quot;;&quot;Monthly&quot;;&quot;7&quot;;&quot;5&quot;;;&quot;2016-05-07&quot;;&quot;11&quot;;&quot;572ea6576ecef&quot;;&quot;2016-05-07&quot;;&quot;n&quot;;;&quot;226&quot;
&quot;Kathy&quot;;&quot;Fugate&quot;;;;&quot;Barb&quot;;&quot;Barb&quot;;&quot;Other Relative&quot;;&quot;2&quot;;&quot;200000.00&quot;;&quot;1&quot;;&quot;Neutral Effect&quot;;&quot;More than Ten Years&quot;;&quot;Infrequently&quot;;&quot;7&quot;;&quot;6&quot;;;&quot;2016-05-07&quot;;&quot;12&quot;;&quot;572ea6576ecef&quot;;&quot;2016-05-07&quot;;&quot;n&quot;;;&quot;227&quot;
&quot;Kathy&quot;;&quot;Fugate&quot;;;;&quot;Bob&quot;;&quot;Bob&quot;;&quot;Other Relative&quot;;&quot;2&quot;;&quot;200000.00&quot;;&quot;1&quot;;&quot;Neutral Effect&quot;;&quot;More than Ten Years&quot;;&quot;Infrequently&quot;;&quot;7&quot;;&quot;6&quot;;;&quot;2016-05-07&quot;;&quot;13&quot;;&quot;572ea6576ecef&quot;;&quot;2016-05-07&quot;;&quot;n&quot;;;&quot;228&quot;
&quot;Kathy&quot;;&quot;Fugate&quot;;;;&quot;Eileen&quot;;&quot;Eileen&quot;;&quot;Other Relative&quot;;&quot;2&quot;;&quot;200000.00&quot;;&quot;1&quot;;&quot;Neutral Effect&quot;;&quot;More than Ten Years&quot;;&quot;Infrequently&quot;;&quot;7&quot;;&quot;6&quot;;;&quot;2016-05-07&quot;;&quot;14&quot;;&quot;572ea6576ecef&quot;;&quot;2016-05-07&quot;;&quot;n&quot;;;&quot;229&quot;
&quot;Kathy&quot;;&quot;Fugate&quot;;;;&quot;Barb 2&quot;;&quot;Barb 2&quot;;&quot;Other Relative&quot;;&quot;2&quot;;&quot;200000.00&quot;;&quot;1&quot;;&quot;Neutral Effect&quot;;&quot;More than Ten Years&quot;;&quot;Infrequently&quot;;&quot;7&quot;;&quot;6&quot;;;&quot;2016-05-07&quot;;&quot;15&quot;;&quot;572ea6576ecef&quot;;&quot;2016-05-07&quot;;&quot;n&quot;;;&quot;230&quot;
&quot;Kathy&quot;;&quot;Fugate&quot;;;;&quot;William&quot;;&quot;William&quot;;&quot;Parent&quot;;&quot;1&quot;;&quot;300000.00&quot;;&quot;2&quot;;&quot;Neutral Effect&quot;;&quot;More than Ten Years&quot;;&quot;Deceased&quot;;&quot;4&quot;;&quot;2&quot;;;&quot;2016-05-07&quot;;&quot;16&quot;;&quot;572ea6576ecef&quot;;&quot;2016-05-07&quot;;&quot;y&quot;;;&quot;231&quot;
&quot;Kathy&quot;;&quot;Fugate&quot;;;;&quot;Esther&quot;;&quot;Esther&quot;;&quot;Deceased Relative&quot;;&quot;2&quot;;&quot;300000.00&quot;;&quot;2&quot;;&quot;Neutral Effect&quot;;&quot;More than Ten Years&quot;;&quot;Deceased&quot;;&quot;7&quot;;&quot;5&quot;;;&quot;2016-05-07&quot;;&quot;17&quot;;&quot;572ea6576ecef&quot;;&quot;2016-05-07&quot;;&quot;y&quot;;;&quot;232&quot;
&quot;Kathy&quot;;&quot;Fugate&quot;;;;&quot;Elizabeth&quot;;&quot;Elizabeth&quot;;&quot;Other Relative&quot;;&quot;2&quot;;&quot;200000.00&quot;;&quot;2&quot;;&quot;Slightly Negative Effect&quot;;&quot;More than Ten Years&quot;;&quot;Monthly&quot;;&quot;7&quot;;&quot;5&quot;;;&quot;2016-05-07&quot;;&quot;18&quot;;&quot;572ea6576ecef&quot;;&quot;2016-05-07&quot;;&quot;n&quot;;;&quot;233&quot;
&quot;Kathy&quot;;&quot;Fugate&quot;;;;&quot;Jon&quot;;&quot;Jon&quot;;&quot;Other Relative&quot;;&quot;2&quot;;&quot;200000.00&quot;;&quot;1&quot;;&quot;Neutral Effect&quot;;&quot;Two to Five Years&quot;;&quot;Monthly&quot;;&quot;7&quot;;&quot;6&quot;;;&quot;2016-05-07&quot;;&quot;19&quot;;&quot;572ea6576ecef&quot;;&quot;2016-05-07&quot;;&quot;n&quot;;;&quot;234&quot;
&quot;Kathy&quot;;&quot;Fugate&quot;;;;&quot;Jake&quot;;&quot;Jake&quot;;&quot;Other Relative&quot;;&quot;2&quot;;&quot;200000.00&quot;;&quot;2&quot;;&quot;Neutral Effect&quot;;&quot;More than Ten Years&quot;;&quot;Yearly&quot;;&quot;7&quot;;&quot;5&quot;;;&quot;2016-05-07&quot;;&quot;20&quot;;&quot;572ea6576ecef&quot;;&quot;2016-05-07&quot;;&quot;n&quot;;;&quot;235&quot;
&quot;Kathy&quot;;&quot;Fugate&quot;;;;&quot;Joshua&quot;;&quot;Joshua&quot;;&quot;Other Relative&quot;;&quot;2&quot;;&quot;200000.00&quot;;&quot;2&quot;;&quot;Neutral Effect&quot;;&quot;More than Ten Years&quot;;&quot;Yearly&quot;;&quot;7&quot;;&quot;5&quot;;;&quot;2016-05-07&quot;;&quot;21&quot;;&quot;572ea6576ecef&quot;;&quot;2016-05-07&quot;;&quot;n&quot;;;&quot;236&quot;
&quot;Kathy&quot;;&quot;Fugate&quot;;;;&quot;Faith&quot;;&quot;Faith&quot;;&quot;Other Relative&quot;;&quot;2&quot;;&quot;200000.00&quot;;&quot;2&quot;;&quot;Neutral Effect&quot;;&quot;More than Ten Years&quot;;&quot;Yearly&quot;;&quot;7&quot;;&quot;5&quot;;;&quot;2016-05-07&quot;;&quot;22&quot;;&quot;572ea6576ecef&quot;;&quot;2016-05-07&quot;;&quot;n&quot;;;&quot;237&quot;
&quot;Kathy&quot;;&quot;Fugate&quot;;;;&quot;Sam&quot;;&quot;Sam&quot;;&quot;Other Relative&quot;;&quot;2&quot;;&quot;200000.00&quot;;&quot;2&quot;;&quot;Neutral Effect&quot;;&quot;More than Ten Years&quot;;&quot;Infrequently&quot;;&quot;7&quot;;&quot;5&quot;;;&quot;2016-05-07&quot;;&quot;23&quot;;&quot;572ea6576ecef&quot;;&quot;2016-05-07&quot;;&quot;n&quot;;;&quot;238&quot;
&quot;Kathy&quot;;&quot;Fugate&quot;;;;&quot;Will&quot;;&quot;Will&quot;;&quot;Other Relative&quot;;&quot;2&quot;;&quot;200000.00&quot;;&quot;2&quot;;&quot;Neutral Effect&quot;;&quot;Five to Ten Years&quot;;&quot;Monthly&quot;;&quot;7&quot;;&quot;5&quot;;;&quot;2016-05-07&quot;;&quot;24&quot;;&quot;572ea6576ecef&quot;;&quot;2016-05-07&quot;;&quot;n&quot;;;&quot;239&quot;
&quot;Kathy&quot;;&quot;Fugate&quot;;;;&quot;Rob&quot;;&quot;Rob&quot;;&quot;Other Relative&quot;;&quot;2&quot;;&quot;300000.00&quot;;&quot;2&quot;;&quot;Neutral Effect&quot;;&quot;More than Ten Years&quot;;&quot;Monthly&quot;;&quot;7&quot;;&quot;5&quot;;;&quot;2016-05-07&quot;;&quot;25&quot;;&quot;572ea6576ecef&quot;;&quot;2016-05-07&quot;;&quot;n&quot;;;&quot;240&quot;
&quot;Kathy&quot;;&quot;Fugate&quot;;;;&quot;Linda&quot;;&quot;Linda&quot;;&quot;Other&quot;;&quot;2&quot;;&quot;200000.00&quot;;&quot;2&quot;;&quot;Neutral Effect&quot;;&quot;Five to Ten Years&quot;;&quot;Weekly&quot;;&quot;7&quot;;&quot;5&quot;;&quot;School secretary&quot;;&quot;2016-05-07&quot;;&quot;26&quot;;&quot;572ea6576ecef&quot;;&quot;2016-05-07&quot;;&quot;n&quot;;;&quot;241&quot;
&quot;Kathy&quot;;&quot;Fugate&quot;;;;&quot;Michelle&quot;;&quot;Michelle&quot;;&quot;Friend&quot;;&quot;2&quot;;&quot;200000.00&quot;;&quot;2&quot;;&quot;Slightly Positive Effect&quot;;&quot;More than Ten Years&quot;;&quot;Yearly&quot;;&quot;7&quot;;&quot;5&quot;;;&quot;2016-05-07&quot;;&quot;27&quot;;&quot;572ea6576ecef&quot;;&quot;2016-05-07&quot;;&quot;n&quot;;;&quot;242&quot;
&quot;Kathy&quot;;&quot;Fugate&quot;;;;&quot;Cindie&quot;;&quot;Cindie&quot;;&quot;Coworker&quot;;&quot;3&quot;;&quot;200000.00&quot;;&quot;2&quot;;&quot;Neutral Effect&quot;;&quot;Two to Five Years&quot;;&quot;Infrequently&quot;;&quot;10&quot;;&quot;8&quot;;;&quot;2016-05-07&quot;;&quot;28&quot;;&quot;572ea6576ecef&quot;;&quot;2016-05-07&quot;;&quot;n&quot;;;&quot;243&quot;
&quot;Kathy&quot;;&quot;Fugate&quot;;;;&quot;Laura&quot;;&quot;Laura&quot;;&quot;Boss&quot;;&quot;3&quot;;&quot;200000.00&quot;;&quot;1&quot;;&quot;Extremely Negative Effect&quot;;&quot;One or Two Years&quot;;&quot;Former&quot;;&quot;10&quot;;&quot;9&quot;;;&quot;2016-05-07&quot;;&quot;29&quot;;&quot;572ea6576ecef&quot;;&quot;2016-05-07&quot;;&quot;n&quot;;;&quot;244&quot;
&quot;Kathy&quot;;&quot;Fugate&quot;;;;&quot;Brenda&quot;;&quot;Brenda&quot;;&quot;Other Relative&quot;;&quot;2&quot;;&quot;200000.00&quot;;&quot;2&quot;;&quot;Slightly Negative Effect&quot;;&quot;More than Ten Years&quot;;&quot;Yearly&quot;;&quot;7&quot;;&quot;5&quot;;;&quot;2016-05-07&quot;;&quot;30&quot;;&quot;572ea6576ecef&quot;;&quot;2016-05-07&quot;;&quot;n&quot;;;&quot;245&quot;
&quot;Kathy&quot;;&quot;Fugate&quot;;;;&quot;Wendy&quot;;&quot;Wendy&quot;;&quot;Other Relative&quot;;&quot;2&quot;;&quot;300000.00&quot;;&quot;2&quot;;&quot;Neutral Effect&quot;;&quot;More than Ten Years&quot;;&quot;Monthly&quot;;&quot;7&quot;;&quot;5&quot;;;&quot;2016-05-07&quot;;&quot;31&quot;;&quot;572ea6576ecef&quot;;&quot;2016-05-07&quot;;&quot;n&quot;;;&quot;246&quot;
&quot;Kathy&quot;;&quot;Fugate&quot;;;;&quot;Garrett&quot;;&quot;Garrett&quot;;&quot;Other Relative&quot;;&quot;2&quot;;&quot;200000.00&quot;;&quot;2&quot;;&quot;Neutral Effect&quot;;&quot;More than Ten Years&quot;;&quot;Monthly&quot;;&quot;7&quot;;&quot;5&quot;;;&quot;2016-05-07&quot;;&quot;32&quot;;&quot;572ea6576ecef&quot;;&quot;2016-05-07&quot;;&quot;n&quot;;;&quot;247&quot;
&quot;Bob&quot;;&quot;Belcher&quot;;&quot;Lindsay&quot;;&quot;Burton&quot;;&quot;Linda&quot;;&quot;Linda&quot;;&quot;Friend&quot;;&quot;2&quot;;&quot;300000.00&quot;;&quot;3&quot;;&quot;Very Positive Effect&quot;;&quot;Five to Ten Years&quot;;&quot;Monthly&quot;;&quot;7&quot;;&quot;4&quot;;;&quot;2016-05-10&quot;;&quot;0&quot;;&quot;57328e3753715&quot;;&quot;2016-05-10&quot;;&quot;n&quot;;;&quot;248&quot;
&quot;Bob&quot;;&quot;Belcher&quot;;&quot;Lindsay&quot;;&quot;Burton&quot;;&quot;Gene&quot;;&quot;Gene&quot;;&quot;Former Spouse&quot;;&quot;2&quot;;&quot;300000.00&quot;;&quot;2&quot;;&quot;Very Positive Effect&quot;;&quot;One or Two Years&quot;;&quot;Weekly&quot;;&quot;7&quot;;&quot;5&quot;;;&quot;2016-05-10&quot;;&quot;1&quot;;&quot;57328e3753715&quot;;&quot;2016-05-10&quot;;&quot;n&quot;;;&quot;249&quot;
&quot;Bob&quot;;&quot;Belcher&quot;;&quot;Lindsay&quot;;&quot;Burton&quot;;&quot;Linda&quot;;&quot;Linda&quot;;&quot;Friend&quot;;&quot;2&quot;;&quot;300000.00&quot;;&quot;1&quot;;&quot;Neutral Effect&quot;;&quot;One or Two Years&quot;;&quot;Daily&quot;;&quot;7&quot;;&quot;6&quot;;;&quot;2016-05-11&quot;;&quot;0&quot;;&quot;5732e09fe8ddf&quot;;&quot;2016-05-11&quot;;&quot;n&quot;;;&quot;250&quot;
&quot;Bob&quot;;&quot;Belcher&quot;;&quot;Lindsay&quot;;&quot;Burton&quot;;&quot;Gene&quot;;&quot;Gene&quot;;&quot;Coworker&quot;;&quot;3&quot;;&quot;200000.00&quot;;&quot;3&quot;;&quot;Slightly Negative Effect&quot;;&quot;Months&quot;;&quot;Weekly&quot;;&quot;10&quot;;&quot;7&quot;;;&quot;2016-05-11&quot;;&quot;1&quot;;&quot;5732e09fe8ddf&quot;;&quot;2016-05-11&quot;;&quot;n&quot;;;&quot;251&quot;
&quot;Bob&quot;;&quot;Belcher&quot;;&quot;Lindsay&quot;;&quot;Burton&quot;;&quot;Tina&quot;;&quot;Tina&quot;;&quot;Child&quot;;&quot;1&quot;;&quot;400000.00&quot;;&quot;3&quot;;&quot;Extremely Positive Effect&quot;;&quot;More than Ten Years&quot;;&quot;Daily&quot;;&quot;4&quot;;&quot;1&quot;;;&quot;2016-05-11&quot;;&quot;2&quot;;&quot;5732e09fe8ddf&quot;;&quot;2016-05-11&quot;;&quot;n&quot;;;&quot;252&quot;
&quot;Bob&quot;;&quot;Belcher&quot;;&quot;Lindsay&quot;;&quot;Burton&quot;;&quot;Linda&quot;;&quot;Linda&quot;;&quot;Friend&quot;;&quot;2&quot;;&quot;300000.00&quot;;&quot;2&quot;;&quot;Very Positive Effect&quot;;&quot;Months&quot;;&quot;Daily&quot;;&quot;7&quot;;&quot;5&quot;;;&quot;2016-05-11&quot;;&quot;0&quot;;&quot;5734232d186eb&quot;;&quot;2016-05-11&quot;;&quot;n&quot;;;&quot;253&quot;
&quot;Bob&quot;;&quot;Belcher&quot;;&quot;Lindsay&quot;;&quot;Burton&quot;;&quot;Gene&quot;;&quot;Gene&quot;;&quot;Partner&quot;;&quot;2&quot;;&quot;400000.00&quot;;&quot;3&quot;;&quot;Very Positive Effect&quot;;&quot;Two to Five Years&quot;;&quot;Daily&quot;;&quot;7&quot;;&quot;4&quot;;;&quot;2016-05-11&quot;;&quot;1&quot;;&quot;5734232d186eb&quot;;&quot;2016-05-11&quot;;&quot;n&quot;;;&quot;254&quot;
&quot;Bob&quot;;&quot;Belcher&quot;;&quot;Lindsay&quot;;&quot;Burton&quot;;&quot;Tina&quot;;&quot;Tina&quot;;&quot;Sibling&quot;;&quot;2&quot;;&quot;200000.00&quot;;&quot;1&quot;;&quot;Very Negative Effect&quot;;&quot;More than Ten Years&quot;;&quot;Weekly&quot;;&quot;7&quot;;&quot;6&quot;;;&quot;2016-05-11&quot;;&quot;2&quot;;&quot;5734232d186eb&quot;;&quot;2016-05-11&quot;;&quot;n&quot;;;&quot;255&quot;
&quot;Bob&quot;;&quot;Belcher&quot;;;;&quot;Linda&quot;;&quot;Linda&quot;;&quot;StepChild&quot;;&quot;2&quot;;&quot;400000.00&quot;;&quot;2&quot;;&quot;Positive Effect&quot;;&quot;Five to Ten Years&quot;;&quot;Monthly&quot;;&quot;7&quot;;&quot;5&quot;;;&quot;2016-05-24&quot;;&quot;0&quot;;&quot;574457a7b33bd&quot;;&quot;2016-05-24&quot;;&quot;n&quot;;;&quot;256&quot;
&quot;Bob&quot;;&quot;Belcher&quot;;;;&quot;Tina&quot;;&quot;Tina&quot;;&quot;Aquaintance&quot;;&quot;2&quot;;&quot;300000.00&quot;;&quot;2&quot;;&quot;Slightly Positive Effect&quot;;&quot;One or Two Years&quot;;&quot;Weekly&quot;;&quot;7&quot;;&quot;5&quot;;;&quot;2016-05-24&quot;;&quot;1&quot;;&quot;574457a7b33bd&quot;;&quot;2016-05-24&quot;;&quot;n&quot;;;&quot;257&quot;
&quot;Bob&quot;;&quot;Belcher&quot;;;;&quot;Gene&quot;;&quot;Gene&quot;;&quot;Parent&quot;;&quot;1&quot;;&quot;400000.00&quot;;&quot;2&quot;;&quot;Very Positive Effect&quot;;&quot;Five to Ten Years&quot;;&quot;Yearly&quot;;&quot;4&quot;;&quot;2&quot;;;&quot;2016-05-24&quot;;&quot;2&quot;;&quot;574457a7b33bd&quot;;&quot;2016-05-24&quot;;&quot;n&quot;;;&quot;258&quot;
&quot;Lindsay&quot;;&quot;Burton&quot;;&quot;burtonlindsay70@yahoo.com&quot;;&quot;123Abcbway!&quot;
