[{"relationName":"Teddy\r","key":"Teddy\r","radius":"400000.00","orbital_period":"1","deceased":"n"},{"relationName":"Junior\r","key":"Junior\r","radius":"300000.00","orbital_period":"2","deceased":"n"},{"relationName":"Louise\r","key":"Louise\r","radius":"300000.00","orbital_period":"4","deceased":"n"},{"relationName":"Tammy\r","key":"Tammy\r","radius":"300000.00","orbital_period":"4","deceased":"n"},{"relationName":"Jimmy\r","key":"Jimmy\r","radius":"300000.00","orbital_period":"4","deceased":"n"},{"relationName":"Anne\r","key":"Anne\r","radius":"200000.00","orbital_period":"4","deceased":"n"},{"relationName":"Kristi\r","key":"Kristi\r","radius":"300000.00","orbital_period":"4","deceased":"n"},{"relationName":"Brenda\r","key":"Brenda\r","radius":"200000.00","orbital_period":"4","deceased":"n"},{"relationName":"Gene\r","key":"Gene\r","radius":"400000.00","orbital_period":"5","deceased":"n"},{"relationName":"Jeff\r","key":"Jeff\r","radius":"400000.00","orbital_period":"5","deceased":"n"},{"relationName":"Dan\r","key":"Dan\r","radius":"300000.00","orbital_period":"5","deceased":"n"},{"relationName":"Brad\r","key":"Brad\r","radius":"200000.00","orbital_period":"5","deceased":"n"},{"relationName":"Linda\r","key":"Linda\r","radius":"300000.00","orbital_period":"6","deceased":"n"},{"relationName":"Tina\r","key":"Tina\r","radius":"400000.00","orbital_period":"6","deceased":"n"},{"relationName":"Spencer\r","key":"Spencer\r","radius":"300000.00","orbital_period":"6","deceased":"n"}]