[{"key":"Mick","radius":"200000.0","orbital_period":"1","deceased":"n"},{"key":"Minnie","radius":"300000.0","orbital_period":"2","deceased":"n"},{"key":"Junior","radius":"400000.00","orbital_period":"3","deceased":"n"},{"key":"Goofy","radius":"400000.0","orbital_period":"3","deceased":"n"},{"key":"Bob","radius":"400000.00","orbital_period":"4","deceased":"n"},{"key":"Madame","radius":"300000.00","orbital_period":"5","deceased":"y"},{"key":"Donald","radius":"200000.0","orbital_period":"6","deceased":"n"},{"key":"Daisy","radius":"300000.0","orbital_period":"7","deceased":"n"},{"key":"Walter","radius":"400000.0","orbital_period":"8","deceased":"n"},{"key":"Carol","radius":"400000.0","orbital_period":"9","deceased":"y"}]